# ************************************************************
# Sequel Pro SQL dump
# Version 4541
#
# http://www.sequelpro.com/
# https://github.com/sequelpro/sequelpro
#
# Host: 10.12.21.120 (MySQL 5.7.22-log)
# Database: fdd_ap_sf_org
# Generation Time: 2019-05-20 11:16:52 +0000
# ************************************************************


/*!40101 SET @OLD_CHARACTER_SET_CLIENT=@@CHARACTER_SET_CLIENT */;
/*!40101 SET @OLD_CHARACTER_SET_RESULTS=@@CHARACTER_SET_RESULTS */;
/*!40101 SET @OLD_COLLATION_CONNECTION=@@COLLATION_CONNECTION */;
/*!40101 SET NAMES utf8 */;
/*!40014 SET @OLD_FOREIGN_KEY_CHECKS=@@FOREIGN_KEY_CHECKS, FOREIGN_KEY_CHECKS=0 */;
/*!40101 SET @OLD_SQL_MODE=@@SQL_MODE, SQL_MODE='NO_AUTO_VALUE_ON_ZERO' */;
/*!40111 SET @OLD_SQL_NOTES=@@SQL_NOTES, SQL_NOTES=0 */;


# Dump of table staff2dep
# ------------------------------------------------------------

DROP TABLE IF EXISTS `staff2dep`;

CREATE TABLE `staff2dep` (
  `id` bigint(20) NOT NULL AUTO_INCREMENT COMMENT '主键id',
  `staff_id` bigint(20) NOT NULL COMMENT '用户id',
  `dep_id` bigint(20) NOT NULL DEFAULT '0' COMMENT '组织部门dep_id ，为0表示不属于任何公司',
  `position_type` int(8) NOT NULL DEFAULT '2' COMMENT '职位类型：1.主管，2.非主管',
  `create_operator_id` bigint(20) DEFAULT NULL COMMENT '操作人ID',
  `update_operator_id` bigint(20) DEFAULT NULL COMMENT '更新人id',
  `create_time` timestamp NULL DEFAULT NULL ON UPDATE CURRENT_TIMESTAMP COMMENT '创建时间',
  `update_time` timestamp NULL DEFAULT CURRENT_TIMESTAMP ON UPDATE CURRENT_TIMESTAMP COMMENT '更新时间',
  `is_deleted` int(8) NOT NULL DEFAULT '0' COMMENT '是否删除0否，1是',
  PRIMARY KEY (`id`),
  KEY `IDX_biz_staff_id` (`staff_id`) USING BTREE,
  KEY `IDX_group_id` (`dep_id`) USING BTREE
) ENGINE=InnoDB DEFAULT CHARSET=utf8mb4 COMMENT='员工部门关系';

LOCK TABLES `staff2dep` WRITE;
/*!40000 ALTER TABLE `staff2dep` DISABLE KEYS */;

INSERT INTO `staff2dep` (`id`, `staff_id`, `dep_id`, `position_type`, `create_operator_id`, `update_operator_id`, `create_time`, `update_time`, `is_deleted`)
VALUES
	(0,131809,16,2,NULL,3114911,'2018-12-06 20:51:31','2018-12-06 20:51:31',1),
	(2,131848,16,2,NULL,3114911,'2018-12-06 20:51:31','2018-12-06 20:51:31',1),
	(3,132064,16,2,NULL,3114911,'2018-12-06 20:51:31','2018-12-06 20:51:31',1),
	(4,132088,17,2,NULL,3101309,'2018-12-05 16:33:49','2018-12-05 16:33:49',1),
	(5,132353,16,2,NULL,3114911,'2018-12-06 20:51:31','2018-12-06 20:51:31',1),
	(6,132455,104,1,NULL,3114911,'2019-05-17 11:32:45','2019-05-17 11:32:45',1),
	(7,132534,9,1,NULL,NULL,NULL,'2018-12-05 14:34:52',0),
	(8,132693,12,2,NULL,NULL,NULL,'2018-11-23 11:39:41',0),
	(9,132760,18,3,NULL,NULL,NULL,'2018-11-23 11:39:46',0),
	(10,132088,103,1,NULL,3101309,'2018-12-07 11:23:51','2018-12-07 11:23:51',0),
	(12,133465,16,2,NULL,3114911,'2018-12-06 20:51:31','2018-12-06 20:51:31',1),
	(13,3113481,59,2,3101876,3101309,'2018-12-10 18:54:01','2018-12-10 18:54:01',1),
	(14,3107382,329,2,3107382,3101309,'2019-01-04 20:22:19','2019-01-04 20:22:19',1),
	(15,3105890,107,2,3014096,NULL,'2019-03-26 10:58:50','2019-03-26 10:58:50',1),
	(271,131809,16,2,NULL,3114911,'2018-12-06 20:51:31','2018-12-06 20:51:31',1),
	(272,3014520,59,2,NULL,3108996,'2019-05-15 17:08:31','2019-05-15 17:08:31',1),
	(273,3106728,359,1,NULL,3101309,'2018-12-07 09:59:08','2018-12-07 09:59:08',0),
	(274,3105545,14,2,NULL,3101309,'2018-12-07 11:23:51','2018-12-07 11:23:51',0),
	(275,3104588,59,2,NULL,3108996,'2019-05-15 17:41:56','2019-05-15 17:41:56',1),
	(276,3106611,59,2,NULL,3114911,'2018-12-06 19:38:03','2018-12-06 19:38:03',1),
	(277,3014153,59,2,NULL,NULL,NULL,'2018-12-05 16:04:41',0),
	(278,3101876,59,2,NULL,NULL,'2018-12-06 16:10:39','2018-12-06 16:10:39',1),
	(279,3014408,59,2,NULL,NULL,'2018-12-22 12:02:05','2018-12-22 12:02:05',1),
	(280,3015794,59,2,NULL,NULL,'2018-12-22 12:01:41','2018-12-22 12:01:41',1),
	(281,3014110,59,2,NULL,NULL,NULL,'2018-12-05 16:04:41',0),
	(282,3014000,59,2,NULL,NULL,NULL,'2018-12-05 16:04:41',0),
	(283,3103431,59,2,NULL,NULL,NULL,'2018-12-05 16:04:41',0),
	(284,3105813,59,2,NULL,NULL,'2019-01-04 20:20:51','2019-01-04 20:20:51',1),
	(285,3113481,59,2,NULL,3101309,'2018-12-10 18:54:01','2018-12-10 18:54:01',1),
	(286,2429234,59,2,NULL,NULL,NULL,'2018-12-05 16:04:41',0),
	(288,133136,60,2,NULL,NULL,'2018-12-22 12:04:14','2018-12-22 12:04:14',1),
	(289,3112979,60,2,NULL,NULL,'2019-01-03 10:00:12','2019-01-03 10:00:12',1),
	(290,3109192,61,2,NULL,NULL,'2018-12-22 12:02:33','2018-12-22 12:02:33',1),
	(294,3104588,62,2,NULL,3108996,'2019-05-15 17:41:56','2019-05-15 17:41:56',1),
	(295,3106611,62,2,NULL,3114911,'2018-12-06 19:38:03','2018-12-06 19:38:03',1),
	(296,3014153,62,2,NULL,NULL,NULL,'2018-12-05 16:04:41',0),
	(297,3101876,62,2,NULL,NULL,'2018-12-06 16:10:39','2018-12-06 16:10:39',1),
	(299,3015794,62,2,NULL,NULL,'2018-12-22 12:01:41','2018-12-22 12:01:41',1),
	(300,3014110,62,2,NULL,NULL,NULL,'2018-12-05 16:04:41',0),
	(301,3014000,62,2,NULL,NULL,NULL,'2018-12-05 16:04:41',0),
	(302,3103431,62,2,NULL,NULL,NULL,'2018-12-05 16:04:41',0),
	(303,3105813,62,2,NULL,NULL,'2019-01-04 20:20:51','2019-01-04 20:20:51',1),
	(304,3113481,59,2,NULL,3101309,'2018-12-10 18:54:01','2018-12-10 18:54:01',1),
	(305,2429234,62,2,NULL,NULL,NULL,'2018-12-05 16:04:41',0),
	(308,3112979,63,2,NULL,NULL,'2019-01-03 10:00:12','2019-01-03 10:00:12',1),
	(312,3104588,64,2,NULL,3108996,'2019-05-15 17:41:56','2019-05-15 17:41:56',1),
	(313,3106611,64,2,NULL,3114911,'2018-12-06 19:38:03','2018-12-06 19:38:03',1),
	(314,3014153,64,2,NULL,NULL,NULL,'2018-12-05 16:04:41',0),
	(315,3101876,64,2,NULL,NULL,'2018-12-06 16:10:39','2018-12-06 16:10:39',1),
	(317,3015794,64,2,NULL,NULL,'2018-12-22 12:01:41','2018-12-22 12:01:41',1),
	(318,3014110,64,2,NULL,NULL,NULL,'2018-12-05 16:04:41',0),
	(319,3014000,64,2,NULL,NULL,NULL,'2018-12-05 16:04:41',0),
	(320,3103431,64,2,NULL,NULL,NULL,'2018-12-05 16:04:41',0),
	(321,3105813,64,2,NULL,NULL,'2019-01-04 20:20:51','2019-01-04 20:20:51',1),
	(322,3113481,59,2,NULL,3101309,'2018-12-10 18:54:01','2018-12-10 18:54:01',1),
	(323,2429234,64,2,NULL,NULL,NULL,'2018-12-05 16:04:41',0),
	(326,3112979,65,2,NULL,NULL,'2019-01-03 10:00:12','2019-01-03 10:00:12',1),
	(330,3104588,66,2,NULL,3108996,'2019-05-15 17:41:56','2019-05-15 17:41:56',1),
	(331,3106611,66,2,NULL,3114911,'2018-12-06 19:38:03','2018-12-06 19:38:03',1),
	(332,3014153,66,2,NULL,NULL,NULL,'2018-12-05 16:04:41',0),
	(333,3101876,66,2,NULL,NULL,'2018-12-06 16:10:39','2018-12-06 16:10:39',1),
	(335,3015794,66,2,NULL,NULL,'2018-12-22 12:01:41','2018-12-22 12:01:41',1),
	(336,3014110,66,2,NULL,NULL,NULL,'2018-12-05 16:04:41',0),
	(337,3014000,66,2,NULL,NULL,NULL,'2018-12-05 16:04:41',0),
	(338,3103431,66,2,NULL,NULL,NULL,'2018-12-05 16:04:41',0),
	(339,3105813,66,2,NULL,NULL,'2019-01-04 20:20:51','2019-01-04 20:20:51',1),
	(340,3113481,59,2,NULL,3101309,'2018-12-10 18:54:01','2018-12-10 18:54:01',1),
	(341,2429234,66,2,NULL,NULL,NULL,'2018-12-05 16:04:41',0),
	(346,3104588,67,2,NULL,3108996,'2019-05-15 17:41:56','2019-05-15 17:41:56',1),
	(347,3106611,67,2,NULL,3114911,'2018-12-06 19:38:03','2018-12-06 19:38:03',1),
	(348,3014153,67,2,NULL,NULL,NULL,'2018-12-05 16:04:41',0),
	(349,3101876,67,2,NULL,NULL,'2018-12-06 16:10:39','2018-12-06 16:10:39',1),
	(351,3015794,67,2,NULL,NULL,'2018-12-22 12:01:41','2018-12-22 12:01:41',1),
	(352,3014110,67,2,NULL,NULL,NULL,'2018-12-05 16:04:41',0),
	(353,3014000,67,2,NULL,NULL,NULL,'2018-12-05 16:04:41',0),
	(354,3103431,67,2,NULL,NULL,NULL,'2018-12-05 16:04:41',0),
	(355,3105813,67,2,NULL,NULL,'2019-01-04 20:20:51','2019-01-04 20:20:51',1),
	(356,3113481,59,2,NULL,3101309,'2018-12-10 18:54:01','2018-12-10 18:54:01',1),
	(357,2429234,67,2,NULL,NULL,NULL,'2018-12-05 16:04:41',0),
	(362,3104588,68,2,NULL,3108996,'2019-05-15 17:41:56','2019-05-15 17:41:56',1),
	(363,3106611,68,2,NULL,3114911,'2018-12-06 19:38:03','2018-12-06 19:38:03',1),
	(364,3014153,68,2,NULL,NULL,NULL,'2018-12-05 16:04:41',0),
	(365,3101876,68,2,NULL,NULL,'2018-12-06 16:10:39','2018-12-06 16:10:39',1),
	(367,3015794,68,2,NULL,NULL,'2018-12-22 12:01:41','2018-12-22 12:01:41',1),
	(368,3014110,68,2,NULL,NULL,NULL,'2018-12-05 16:04:41',0),
	(369,3014000,68,2,NULL,NULL,NULL,'2018-12-05 16:04:41',0),
	(370,3103431,68,2,NULL,NULL,NULL,'2018-12-05 16:04:41',0),
	(371,3105813,68,2,NULL,NULL,'2019-01-04 20:20:51','2019-01-04 20:20:51',1),
	(372,3113481,59,2,NULL,3101309,'2018-12-10 18:54:01','2018-12-10 18:54:01',1),
	(373,2429234,68,2,NULL,NULL,NULL,'2018-12-05 16:04:41',0),
	(375,3112184,109,2,NULL,3014102,'2019-01-04 20:23:26','2019-01-04 20:23:26',1),
	(379,3104588,71,2,NULL,3108996,'2019-05-15 17:41:56','2019-05-15 17:41:56',1),
	(380,3106611,71,2,NULL,3114911,'2018-12-06 19:38:03','2018-12-06 19:38:03',1),
	(381,3014153,71,2,NULL,NULL,NULL,'2018-12-05 16:04:41',0),
	(382,3101876,71,2,NULL,NULL,'2018-12-06 16:10:39','2018-12-06 16:10:39',1),
	(384,3015794,71,2,NULL,NULL,'2018-12-22 12:01:41','2018-12-22 12:01:41',1),
	(385,3014110,71,2,NULL,NULL,NULL,'2018-12-05 16:04:41',0),
	(386,3014000,71,2,NULL,NULL,NULL,'2018-12-05 16:04:41',0),
	(387,3103431,71,2,NULL,NULL,NULL,'2018-12-05 16:04:41',0),
	(388,3105813,71,2,NULL,NULL,'2019-01-04 20:20:51','2019-01-04 20:20:51',1),
	(389,3113481,59,2,NULL,3101309,'2018-12-10 18:54:01','2018-12-10 18:54:01',1),
	(390,2429234,71,2,NULL,NULL,NULL,'2018-12-05 16:04:41',0),
	(393,3112979,72,2,NULL,NULL,'2019-01-03 10:00:12','2019-01-03 10:00:12',1),
	(397,3104588,73,2,NULL,3108996,'2019-05-15 17:41:56','2019-05-15 17:41:56',1),
	(398,3106611,73,2,NULL,3114911,'2018-12-06 19:38:03','2018-12-06 19:38:03',1),
	(399,3014153,73,2,NULL,NULL,NULL,'2018-12-05 16:04:41',0),
	(400,3101876,73,2,NULL,NULL,'2018-12-06 16:10:39','2018-12-06 16:10:39',1),
	(402,3015794,73,2,NULL,NULL,'2018-12-22 12:01:41','2018-12-22 12:01:41',1),
	(403,3014110,73,2,NULL,NULL,NULL,'2018-12-05 16:04:41',0),
	(404,3014000,73,2,NULL,NULL,NULL,'2018-12-05 16:04:41',0),
	(405,3103431,73,2,NULL,NULL,NULL,'2018-12-05 16:04:41',0),
	(406,3105813,73,2,NULL,NULL,'2019-01-04 20:20:51','2019-01-04 20:20:51',1),
	(407,3113481,59,2,NULL,3101309,'2018-12-10 18:54:01','2018-12-10 18:54:01',1),
	(408,2429234,73,2,NULL,NULL,NULL,'2018-12-05 16:04:41',0),
	(413,3104588,74,2,NULL,3108996,'2019-05-15 17:41:56','2019-05-15 17:41:56',1),
	(414,3106611,74,2,NULL,3114911,'2018-12-06 19:38:03','2018-12-06 19:38:03',1),
	(415,3014153,74,2,NULL,NULL,NULL,'2018-12-05 16:04:41',0),
	(416,3101876,74,2,NULL,NULL,'2018-12-06 16:10:39','2018-12-06 16:10:39',1),
	(418,3015794,74,2,NULL,NULL,'2018-12-22 12:01:41','2018-12-22 12:01:41',1),
	(419,3014110,74,2,NULL,NULL,NULL,'2018-12-05 16:04:41',0),
	(420,3014000,74,2,NULL,NULL,NULL,'2018-12-05 16:04:41',0),
	(421,3103431,74,2,NULL,NULL,NULL,'2018-12-05 16:04:41',0),
	(422,3105813,74,2,NULL,NULL,'2019-01-04 20:20:51','2019-01-04 20:20:51',1),
	(423,3113481,59,2,NULL,3101309,'2018-12-10 18:54:01','2018-12-10 18:54:01',1),
	(424,2429234,74,2,NULL,NULL,NULL,'2018-12-05 16:04:41',0),
	(429,3104588,75,2,NULL,3108996,'2019-05-15 17:41:56','2019-05-15 17:41:56',1),
	(430,3106611,75,2,NULL,3114911,'2018-12-06 19:38:03','2018-12-06 19:38:03',1),
	(431,3014153,75,2,NULL,NULL,NULL,'2018-12-05 16:04:41',0),
	(432,3101876,75,2,NULL,NULL,'2018-12-06 16:10:39','2018-12-06 16:10:39',1),
	(434,3015794,75,2,NULL,NULL,'2018-12-22 12:01:41','2018-12-22 12:01:41',1),
	(435,3014110,75,2,NULL,NULL,NULL,'2018-12-05 16:04:41',0),
	(436,3014000,75,2,NULL,NULL,NULL,'2018-12-05 16:04:41',0),
	(437,3103431,75,2,NULL,NULL,NULL,'2018-12-05 16:04:41',0),
	(438,3105813,75,2,NULL,NULL,'2019-01-04 20:20:51','2019-01-04 20:20:51',1),
	(439,3113481,59,2,NULL,3101309,'2018-12-10 18:54:01','2018-12-10 18:54:01',1),
	(440,2429234,75,2,NULL,NULL,NULL,'2018-12-05 16:04:41',0),
	(445,3104588,76,2,NULL,3108996,'2019-05-15 17:41:56','2019-05-15 17:41:56',1),
	(446,3106611,76,2,NULL,3114911,'2018-12-06 19:38:03','2018-12-06 19:38:03',1),
	(447,3014153,76,2,NULL,NULL,NULL,'2018-12-05 16:04:41',0),
	(448,3101876,76,2,NULL,NULL,'2018-12-06 16:10:39','2018-12-06 16:10:39',1),
	(450,3015794,76,2,NULL,NULL,'2018-12-22 12:01:41','2018-12-22 12:01:41',1),
	(451,3014110,76,2,NULL,NULL,NULL,'2018-12-05 16:04:41',0),
	(452,3014000,76,2,NULL,NULL,NULL,'2018-12-05 16:04:41',0),
	(453,3103431,76,2,NULL,NULL,NULL,'2018-12-05 16:04:41',0),
	(454,3105813,76,2,NULL,NULL,'2019-01-04 20:20:51','2019-01-04 20:20:51',1),
	(455,3113481,59,2,NULL,3101309,'2018-12-10 18:54:01','2018-12-10 18:54:01',1),
	(456,2429234,76,2,NULL,NULL,NULL,'2018-12-05 16:04:41',0),
	(458,3016083,301,2,NULL,3114911,'2018-12-06 15:24:06','2018-12-06 15:24:06',1),
	(459,3105858,77,2,NULL,NULL,NULL,'2018-12-05 16:04:41',0),
	(460,3112184,78,2,NULL,NULL,'2019-01-04 20:23:26','2019-01-04 20:23:26',1),
	(464,3104588,81,2,NULL,3108996,'2019-05-15 17:41:56','2019-05-15 17:41:56',1),
	(465,3106611,81,2,NULL,3114911,'2018-12-06 19:38:03','2018-12-06 19:38:03',1),
	(466,3014153,81,2,NULL,NULL,NULL,'2018-12-05 16:04:41',0),
	(467,3101876,81,2,NULL,NULL,'2018-12-06 16:10:39','2018-12-06 16:10:39',1),
	(469,3015794,81,2,NULL,NULL,'2018-12-22 12:01:41','2018-12-22 12:01:41',1),
	(470,3014110,81,2,NULL,NULL,NULL,'2018-12-05 16:04:41',0),
	(471,3014000,81,2,NULL,NULL,NULL,'2018-12-05 16:04:41',0),
	(472,3103431,81,2,NULL,NULL,NULL,'2018-12-05 16:04:41',0),
	(473,3105813,81,2,NULL,NULL,'2019-01-04 20:20:51','2019-01-04 20:20:51',1),
	(474,3113481,59,2,NULL,3101309,'2018-12-10 18:54:01','2018-12-10 18:54:01',1),
	(475,2429234,81,2,NULL,NULL,NULL,'2018-12-05 16:04:41',0),
	(477,3016083,82,2,NULL,3114911,'2018-12-06 15:24:06','2018-12-06 15:24:06',1),
	(478,3105858,82,2,NULL,NULL,NULL,'2018-12-05 16:04:41',0),
	(479,3112184,83,2,NULL,NULL,'2019-01-04 20:23:26','2019-01-04 20:23:26',1),
	(480,3016083,84,2,NULL,3114911,'2018-12-06 15:24:06','2018-12-06 15:24:06',1),
	(481,3105858,84,2,NULL,NULL,NULL,'2018-12-05 16:04:41',0),
	(485,3104588,85,2,NULL,3108996,'2019-05-15 17:41:56','2019-05-15 17:41:56',1),
	(486,3106611,85,2,NULL,3114911,'2018-12-06 19:38:03','2018-12-06 19:38:03',1),
	(487,3014153,85,2,NULL,NULL,NULL,'2018-12-05 16:04:41',0),
	(488,3101876,85,2,NULL,NULL,'2018-12-06 16:10:39','2018-12-06 16:10:39',1),
	(490,3015794,85,2,NULL,NULL,'2018-12-22 12:01:41','2018-12-22 12:01:41',1),
	(491,3014110,85,2,NULL,NULL,NULL,'2018-12-05 16:04:41',0),
	(492,3014000,85,2,NULL,NULL,NULL,'2018-12-05 16:04:41',0),
	(493,3103431,85,2,NULL,NULL,NULL,'2018-12-05 16:04:41',0),
	(494,3105813,85,2,NULL,NULL,'2019-01-04 20:20:51','2019-01-04 20:20:51',1),
	(495,3113481,59,2,NULL,3101309,'2018-12-10 18:54:01','2018-12-10 18:54:01',1),
	(496,2429234,85,2,NULL,NULL,NULL,'2018-12-05 16:04:41',0),
	(501,3104588,86,2,NULL,3108996,'2019-05-15 17:41:56','2019-05-15 17:41:56',1),
	(502,3106611,86,2,NULL,3114911,'2018-12-06 19:38:03','2018-12-06 19:38:03',1),
	(503,3014153,86,2,NULL,NULL,NULL,'2018-12-05 16:04:41',0),
	(504,3101876,86,2,NULL,NULL,'2018-12-06 16:10:39','2018-12-06 16:10:39',1),
	(506,3015794,86,2,NULL,NULL,'2018-12-22 12:01:41','2018-12-22 12:01:41',1),
	(507,3014110,86,2,NULL,NULL,NULL,'2018-12-05 16:04:41',0),
	(508,3014000,86,2,NULL,NULL,NULL,'2018-12-05 16:04:41',0),
	(509,3103431,86,2,NULL,NULL,NULL,'2018-12-05 16:04:41',0),
	(510,3105813,86,2,NULL,NULL,'2019-01-04 20:20:51','2019-01-04 20:20:51',1),
	(511,3113481,59,2,NULL,3101309,'2018-12-10 18:54:01','2018-12-10 18:54:01',1),
	(512,2429234,86,2,NULL,NULL,NULL,'2018-12-05 16:04:41',0),
	(515,3112979,87,2,NULL,NULL,'2019-01-03 10:00:12','2019-01-03 10:00:12',1),
	(516,3016083,88,2,NULL,3114911,'2018-12-06 15:24:06','2018-12-06 15:24:06',1),
	(517,3105858,88,2,NULL,NULL,NULL,'2018-12-05 16:04:41',0),
	(521,3104588,90,2,NULL,3108996,'2019-05-15 17:41:56','2019-05-15 17:41:56',1),
	(522,3106611,90,2,NULL,3114911,'2018-12-06 19:38:03','2018-12-06 19:38:03',1),
	(523,3014153,90,2,NULL,NULL,NULL,'2018-12-05 16:04:41',0),
	(524,3101876,90,2,NULL,NULL,'2018-12-06 16:10:39','2018-12-06 16:10:39',1),
	(526,3015794,90,2,NULL,NULL,'2018-12-22 12:01:41','2018-12-22 12:01:41',1),
	(527,3014110,90,2,NULL,NULL,NULL,'2018-12-05 16:04:41',0),
	(528,3014000,90,2,NULL,NULL,NULL,'2018-12-05 16:04:41',0),
	(529,3103431,90,2,NULL,NULL,NULL,'2018-12-05 16:04:41',0),
	(530,3105813,90,2,NULL,NULL,'2019-01-04 20:20:51','2019-01-04 20:20:51',1),
	(531,3113481,59,2,NULL,3101309,'2018-12-10 18:54:01','2018-12-10 18:54:01',1),
	(532,2429234,90,2,NULL,NULL,NULL,'2018-12-05 16:04:41',0),
	(535,3112979,91,2,NULL,NULL,'2019-01-03 10:00:12','2019-01-03 10:00:12',1),
	(536,3016083,93,2,NULL,3114911,'2018-12-06 15:24:06','2018-12-06 15:24:06',1),
	(537,3105858,93,2,NULL,NULL,NULL,'2018-12-05 16:04:41',0),
	(538,3112184,94,2,NULL,NULL,'2019-01-04 20:23:26','2019-01-04 20:23:26',1),
	(542,3104588,96,2,NULL,3108996,'2019-05-15 17:41:56','2019-05-15 17:41:56',1),
	(543,3106611,96,2,NULL,3114911,'2018-12-06 19:38:03','2018-12-06 19:38:03',1),
	(544,3014153,96,2,NULL,NULL,NULL,'2018-12-05 16:04:41',0),
	(545,3101876,96,2,NULL,NULL,'2018-12-06 16:10:39','2018-12-06 16:10:39',1),
	(547,3015794,96,2,NULL,NULL,'2018-12-22 12:01:41','2018-12-22 12:01:41',1),
	(548,3014110,96,2,NULL,NULL,NULL,'2018-12-05 16:04:41',0),
	(549,3014000,96,2,NULL,NULL,NULL,'2018-12-05 16:04:41',0),
	(550,3103431,96,2,NULL,NULL,NULL,'2018-12-05 16:04:41',0),
	(551,3105813,96,2,NULL,NULL,'2019-01-04 20:20:51','2019-01-04 20:20:51',1),
	(552,3113481,59,2,NULL,3101309,'2018-12-10 18:54:01','2018-12-10 18:54:01',1),
	(553,2429234,96,2,NULL,NULL,NULL,'2018-12-05 16:04:41',0),
	(556,3112979,97,2,NULL,NULL,'2019-01-03 10:00:12','2019-01-03 10:00:12',1),
	(557,131809,16,2,NULL,3114911,'2018-12-06 20:51:31','2018-12-06 20:51:31',1),
	(558,131848,16,2,NULL,3114911,'2018-12-06 20:51:31','2018-12-06 20:51:31',1),
	(559,132960,235,2,NULL,NULL,NULL,'2018-12-05 16:04:41',0),
	(560,133465,16,2,NULL,3114911,'2018-12-06 20:51:31','2018-12-06 20:51:31',1),
	(561,134107,235,2,NULL,NULL,NULL,'2018-12-05 16:04:41',0),
	(562,134217,235,2,NULL,NULL,NULL,'2018-12-05 16:04:41',0),
	(563,143616,235,2,NULL,NULL,NULL,'2018-12-05 16:04:41',0),
	(564,146207,235,2,NULL,NULL,NULL,'2018-12-05 16:04:41',0),
	(565,343313,235,2,NULL,NULL,NULL,'2018-12-05 16:04:41',0),
	(566,442045,235,2,NULL,NULL,NULL,'2018-12-05 16:04:41',0),
	(567,605952,235,2,NULL,NULL,NULL,'2018-12-05 16:04:41',0),
	(568,605958,235,2,NULL,NULL,NULL,'2018-12-05 16:04:41',0),
	(569,132064,16,2,NULL,3114911,'2018-12-06 20:51:31','2018-12-06 20:51:31',1),
	(570,132455,236,2,NULL,3101309,'2018-12-05 16:33:23','2018-12-05 16:33:23',1),
	(571,603151,236,2,NULL,NULL,NULL,'2018-12-05 16:04:41',0),
	(572,132088,237,2,NULL,3101309,'2018-12-05 16:33:49','2018-12-05 16:33:49',1),
	(573,132148,238,2,NULL,NULL,NULL,'2018-12-05 16:04:41',0),
	(574,184506,238,2,NULL,NULL,NULL,'2018-12-05 16:04:41',0),
	(575,289601,238,2,NULL,NULL,NULL,'2018-12-05 16:04:41',0),
	(576,132168,239,2,NULL,NULL,'2018-12-24 11:44:10','2018-12-24 11:44:10',1),
	(577,132353,16,2,NULL,3114911,'2018-12-06 20:51:31','2018-12-06 20:51:31',1),
	(578,159518,239,2,NULL,NULL,'2018-12-22 11:49:21','2018-12-22 11:49:21',1),
	(580,133716,240,2,NULL,NULL,NULL,'2018-12-05 16:04:41',0),
	(581,170277,240,2,NULL,NULL,NULL,'2018-12-05 16:04:41',0),
	(582,132534,241,2,NULL,NULL,NULL,'2018-12-05 16:04:41',0),
	(583,404511,241,2,NULL,NULL,NULL,'2018-12-05 16:04:41',0),
	(584,132693,242,2,NULL,NULL,NULL,'2018-12-05 16:04:41',0),
	(585,132760,243,2,NULL,NULL,NULL,'2018-12-05 16:04:41',0),
	(586,133554,243,2,NULL,NULL,NULL,'2018-12-05 16:04:41',0),
	(587,133875,243,2,NULL,NULL,NULL,'2018-12-05 16:04:41',0),
	(588,133985,243,2,NULL,NULL,NULL,'2018-12-05 16:04:41',0),
	(589,155592,243,2,NULL,NULL,NULL,'2018-12-05 16:04:41',0),
	(590,155594,243,2,NULL,NULL,NULL,'2018-12-05 16:04:41',0),
	(591,284220,243,2,NULL,NULL,NULL,'2018-12-05 16:04:41',0),
	(592,284261,243,2,NULL,NULL,NULL,'2018-12-05 16:04:41',0),
	(593,284272,243,2,NULL,NULL,NULL,'2018-12-05 16:04:41',0),
	(594,316887,243,2,NULL,NULL,NULL,'2018-12-05 16:04:41',0),
	(595,132893,244,2,NULL,NULL,NULL,'2018-12-05 16:04:41',0),
	(596,133011,245,2,NULL,NULL,NULL,'2018-12-05 16:04:41',0),
	(597,159899,245,2,NULL,NULL,NULL,'2018-12-05 16:04:41',0),
	(599,3112979,246,2,NULL,NULL,'2019-01-03 10:00:12','2019-01-03 10:00:12',1),
	(600,133224,247,2,NULL,NULL,NULL,'2018-12-05 16:04:41',0),
	(601,134267,247,2,NULL,NULL,NULL,'2018-12-05 16:04:41',0),
	(602,357377,247,2,NULL,NULL,NULL,'2018-12-05 16:04:41',0),
	(603,133298,248,2,NULL,NULL,NULL,'2018-12-05 16:04:41',0),
	(604,136788,248,2,NULL,NULL,NULL,'2018-12-05 16:04:41',0),
	(605,137509,248,2,NULL,NULL,NULL,'2018-12-05 16:04:41',0),
	(606,133328,249,2,NULL,NULL,NULL,'2018-12-05 16:04:41',0),
	(607,358337,249,2,NULL,NULL,NULL,'2018-12-05 16:04:41',0),
	(608,379105,249,2,NULL,NULL,NULL,'2018-12-05 16:04:41',0),
	(609,384484,249,2,NULL,NULL,NULL,'2018-12-05 16:04:41',0),
	(610,133361,250,2,NULL,NULL,NULL,'2018-12-05 16:04:41',0),
	(611,179888,250,2,NULL,NULL,NULL,'2018-12-05 16:04:41',0),
	(612,302698,250,2,NULL,NULL,NULL,'2018-12-05 16:04:41',0),
	(613,604929,250,2,NULL,NULL,NULL,'2018-12-05 16:04:41',0),
	(614,133597,251,2,NULL,NULL,NULL,'2018-12-05 16:04:41',0),
	(615,133629,252,2,NULL,NULL,NULL,'2018-12-05 16:04:41',0),
	(616,133906,252,2,NULL,NULL,NULL,'2018-12-05 16:04:41',0),
	(617,133945,252,2,NULL,NULL,NULL,'2018-12-05 16:04:41',0),
	(618,133801,253,2,NULL,NULL,NULL,'2018-12-05 16:04:41',0),
	(619,185820,253,2,NULL,NULL,NULL,'2018-12-05 16:04:41',0),
	(620,225675,253,2,NULL,NULL,NULL,'2018-12-05 16:04:41',0),
	(621,292667,253,2,NULL,NULL,NULL,'2018-12-05 16:04:41',0),
	(622,133827,254,2,NULL,NULL,NULL,'2018-12-05 16:04:41',0),
	(623,134251,254,2,NULL,NULL,NULL,'2018-12-05 16:04:41',0),
	(624,299483,254,2,NULL,NULL,NULL,'2018-12-05 16:04:41',0),
	(625,445763,254,2,NULL,NULL,NULL,'2018-12-05 16:04:41',0),
	(626,613154,254,2,NULL,NULL,NULL,'2018-12-05 16:04:41',0),
	(627,133914,255,2,NULL,NULL,NULL,'2018-12-05 16:04:41',0),
	(628,133947,255,2,NULL,NULL,NULL,'2018-12-05 16:04:41',0),
	(629,148445,255,2,NULL,NULL,NULL,'2018-12-05 16:04:41',0),
	(630,134298,256,2,NULL,NULL,NULL,'2018-12-05 16:04:41',0),
	(631,137847,256,2,NULL,NULL,NULL,'2018-12-05 16:04:41',0),
	(632,148367,256,2,NULL,NULL,NULL,'2018-12-05 16:04:41',0),
	(633,183339,256,2,NULL,NULL,NULL,'2018-12-05 16:04:41',0),
	(634,147874,257,2,NULL,NULL,NULL,'2018-12-05 16:04:41',0),
	(635,343201,257,2,NULL,NULL,NULL,'2018-12-05 16:04:41',0),
	(636,155351,258,2,NULL,NULL,NULL,'2018-12-05 16:04:41',0),
	(637,157798,259,2,NULL,NULL,NULL,'2018-12-05 16:04:41',0),
	(638,170507,260,2,NULL,NULL,NULL,'2018-12-05 16:04:41',0),
	(639,183323,261,2,NULL,NULL,NULL,'2018-12-05 16:04:41',0),
	(640,184501,262,2,NULL,NULL,NULL,'2018-12-05 16:04:41',0),
	(641,190947,263,2,NULL,NULL,NULL,'2018-12-05 16:04:41',0),
	(642,597628,263,2,NULL,NULL,NULL,'2018-12-05 16:04:41',0),
	(643,228650,264,2,NULL,NULL,NULL,'2018-12-05 16:04:41',0),
	(644,289425,265,2,NULL,NULL,NULL,'2018-12-05 16:04:41',0),
	(645,301494,265,2,NULL,NULL,NULL,'2018-12-05 16:04:41',0),
	(646,408899,331,1,NULL,3101309,'2018-12-08 11:24:21','2018-12-08 11:24:21',1),
	(647,3109094,331,1,NULL,3114911,'2018-12-06 19:02:56','2018-12-05 16:04:41',0),
	(648,3109095,3,2,NULL,3114911,'2018-12-22 11:46:26','2018-12-22 11:46:26',1),
	(649,3014096,307,2,NULL,3101309,'2018-12-08 11:24:40','2018-12-08 11:24:40',1),
	(650,408950,267,2,NULL,NULL,NULL,'2018-12-05 16:04:41',0),
	(651,438388,268,2,NULL,NULL,NULL,'2018-12-05 16:04:41',0),
	(652,438390,269,2,NULL,NULL,NULL,'2018-12-05 16:04:41',0),
	(653,482653,269,2,NULL,NULL,NULL,'2018-12-05 16:04:41',0),
	(654,482697,269,2,NULL,NULL,NULL,'2018-12-05 16:04:41',0),
	(655,447072,270,2,NULL,NULL,NULL,'2018-12-05 16:04:41',0),
	(656,496190,270,2,NULL,NULL,NULL,'2018-12-05 16:04:41',0),
	(657,565806,270,2,NULL,NULL,NULL,'2018-12-05 16:04:41',0),
	(658,499907,271,2,NULL,NULL,NULL,'2018-12-05 16:04:41',0),
	(659,499923,271,2,NULL,NULL,NULL,'2018-12-05 16:04:41',0),
	(660,499956,271,2,NULL,NULL,NULL,'2018-12-05 16:04:41',0),
	(661,602895,272,2,NULL,NULL,NULL,'2018-12-05 16:04:41',0),
	(662,608510,273,2,NULL,NULL,NULL,'2018-12-05 16:04:41',0),
	(666,3104588,274,2,NULL,3108996,'2019-05-15 17:41:56','2019-05-15 17:41:56',1),
	(667,3106611,274,2,NULL,3114911,'2018-12-06 19:38:03','2018-12-06 19:38:03',1),
	(668,3014153,274,2,NULL,NULL,NULL,'2018-12-05 16:04:41',0),
	(669,3101876,274,2,NULL,NULL,'2018-12-06 16:10:39','2018-12-06 16:10:39',1),
	(671,3015794,274,2,NULL,NULL,'2018-12-22 12:01:41','2018-12-22 12:01:41',1),
	(672,3014110,274,2,NULL,NULL,NULL,'2018-12-05 16:04:41',0),
	(673,3014000,274,2,NULL,NULL,NULL,'2018-12-05 16:04:41',0),
	(674,3103431,274,2,NULL,NULL,NULL,'2018-12-05 16:04:41',0),
	(675,3105813,274,2,NULL,NULL,'2019-01-04 20:20:51','2019-01-04 20:20:51',1),
	(676,3113481,59,2,NULL,3101309,'2018-12-10 18:54:01','2018-12-10 18:54:01',1),
	(677,2429234,274,2,NULL,NULL,NULL,'2018-12-05 16:04:41',0),
	(679,3014012,325,2,NULL,3114911,'2018-12-07 11:21:35','2018-12-07 11:21:35',0),
	(680,3109093,326,2,NULL,3114911,'2019-01-09 11:19:24','2019-01-09 11:19:24',1),
	(681,3109192,276,2,NULL,NULL,'2018-12-22 12:02:33','2018-12-22 12:02:33',1),
	(682,3016083,277,2,NULL,3114911,'2018-12-06 15:24:06','2018-12-06 15:24:06',1),
	(683,3105858,277,2,NULL,NULL,NULL,'2018-12-05 16:04:41',0),
	(684,3112184,278,2,NULL,NULL,'2019-01-04 20:23:26','2019-01-04 20:23:26',1),
	(685,3105890,279,2,NULL,NULL,'2019-03-26 10:58:50','2019-03-26 10:58:50',1),
	(782,3101876,77,2,3014096,NULL,'2019-01-04 16:40:44','2019-01-04 16:40:44',1),
	(783,3106611,77,2,3106611,NULL,'2018-12-22 11:56:21','2018-12-22 11:56:21',1),
	(784,3115083,59,2,3101309,NULL,'2018-12-22 12:00:47','2018-12-22 12:00:47',1),
	(785,3014096,331,1,3014096,3101309,'2018-12-21 14:49:13','2018-12-21 14:49:13',1),
	(786,3106995,59,2,3101876,NULL,'2018-12-22 11:59:48','2018-12-22 11:59:48',1),
	(787,3108996,59,2,3108996,NULL,'2018-12-22 11:59:13','2018-12-22 11:59:13',1),
	(788,3014096,266,2,3014096,NULL,'2019-01-11 10:53:22','2019-01-11 10:53:22',1),
	(789,3109095,70,2,3014096,NULL,'2018-12-22 11:46:31','2018-12-22 11:46:31',1),
	(790,3109095,332,2,3014096,3101309,'2018-12-21 21:46:31','2018-12-22 11:46:31',0),
	(791,159518,266,2,3014096,NULL,'2018-12-22 11:51:42','2018-12-22 11:51:42',1),
	(792,159518,70,2,3014096,NULL,'2018-12-22 11:51:47','2018-12-22 11:51:47',1),
	(793,159518,331,2,3014096,3114911,'2018-12-21 21:51:48','2018-12-22 11:51:47',0),
	(794,3106611,331,2,3014096,3101309,'2018-12-21 21:56:21','2018-12-22 11:56:21',0),
	(795,3108996,266,2,3014096,3108996,'2019-04-02 17:08:11','2019-04-02 17:08:11',1),
	(796,3106995,266,2,3014096,NULL,'2019-01-04 20:10:04','2019-01-04 20:10:04',1),
	(797,3115083,345,2,3014096,3114911,'2018-12-21 22:00:47','2018-12-22 12:00:47',0),
	(798,3015794,331,1,3014096,3101309,'2019-04-29 16:55:21','2019-04-29 16:55:21',0),
	(799,3014408,266,2,3014096,NULL,'2018-12-21 22:02:06','2018-12-22 12:02:05',0),
	(800,3109192,266,2,3014096,NULL,'2018-12-21 22:02:33','2018-12-22 12:02:33',0),
	(801,133136,266,2,3014096,NULL,'2018-12-21 22:04:14','2018-12-22 12:04:14',0),
	(802,133465,266,2,3014096,NULL,'2018-12-21 22:07:29','2018-12-22 12:07:28',0),
	(803,132168,266,2,3014096,NULL,'2018-12-23 21:44:11','2018-12-24 11:44:10',0),
	(804,3112979,266,2,3014096,3108996,'2019-05-15 11:04:10','2019-05-15 11:04:10',1),
	(805,3115672,266,2,3014096,NULL,'2019-01-02 21:35:39','2019-01-03 11:35:38',0),
	(806,3115677,266,2,3014096,NULL,'2019-01-03 01:25:47','2019-01-03 15:25:47',0),
	(807,3115713,59,2,3101309,NULL,'2019-01-04 00:30:48','2019-01-04 14:30:48',0),
	(808,3101876,61,2,3101876,NULL,'2019-01-04 16:45:35','2019-01-04 16:45:35',1),
	(809,3101876,300,2,3113481,3113481,'2019-01-05 11:02:53','2019-01-05 11:02:53',1),
	(810,3106995,77,2,3106995,NULL,'2019-01-04 20:10:59','2019-01-04 20:10:59',1),
	(811,3106995,59,1,3106995,3106995,'2019-03-25 11:44:03','2019-03-25 11:44:03',1),
	(812,3105813,347,2,3113481,3113481,'2019-01-04 06:20:52','2019-01-04 20:20:51',0),
	(813,3107382,349,1,3113481,3113481,'2019-01-11 16:04:25','2019-01-11 16:04:25',1),
	(814,3112184,347,1,3113481,3113481,'2019-01-05 15:18:43','2019-01-05 15:18:43',1),
	(815,3115723,100,2,3113481,3113481,'2019-01-09 11:19:35','2019-01-09 11:19:35',1),
	(816,3112184,348,1,3113481,3113481,'2019-04-08 17:32:00','2019-04-08 17:32:00',1),
	(817,3101876,300,1,3101876,3113481,'2019-01-08 16:59:44','2019-01-08 16:59:44',1),
	(818,3106995,59,2,3106995,3106995,'2019-01-08 21:46:01','2019-01-08 21:46:01',1),
	(819,3101876,347,1,3113481,3113481,'2019-01-08 17:02:36','2019-01-08 17:02:36',1),
	(820,3101876,59,2,3113481,3113481,'2019-01-09 20:19:49','2019-01-09 20:19:49',1),
	(821,3109093,100,2,3113481,NULL,'2019-01-08 21:19:24','2019-01-09 11:19:24',0),
	(822,3106995,59,2,3106995,NULL,'2019-01-09 18:23:23','2019-01-09 18:23:23',1),
	(823,3106995,347,2,3113481,3113481,'2019-04-08 15:50:18','2019-04-08 15:50:18',1),
	(824,3101876,347,2,3113481,3113481,'2019-01-09 22:15:01','2019-01-09 22:15:01',1),
	(825,3115723,348,1,3113481,3113481,'2019-04-30 15:33:20','2019-04-30 15:33:20',1),
	(826,3101876,59,2,3101876,NULL,'2019-01-13 18:33:00','2019-01-13 18:33:00',1),
	(827,3014096,351,2,3113481,3113481,'2019-01-25 11:13:07','2019-01-25 11:13:07',1),
	(828,3107382,59,1,3113481,3107382,'2019-04-04 10:54:23','2019-04-04 10:54:23',1),
	(829,3101876,348,1,3113481,3113481,'2019-04-08 17:43:56','2019-04-08 17:43:56',1),
	(830,3115414,104,2,3115414,3114911,'2019-05-17 11:31:25','2019-05-17 11:31:25',1),
	(831,3115930,359,2,3101309,3101309,'2019-01-15 00:04:00','2019-01-15 14:04:00',0),
	(832,3098181,59,2,3105890,3108996,'2019-05-16 21:30:54','2019-05-16 21:30:54',0),
	(833,3014096,266,2,3014096,NULL,'2019-03-07 18:30:26','2019-03-07 18:30:26',1),
	(834,3105563,266,2,3014096,NULL,'2019-02-14 21:09:28','2019-02-15 11:09:28',0),
	(835,3116544,59,2,3014102,NULL,'2019-02-27 01:48:37','2019-02-27 15:48:36',0),
	(836,3014096,59,2,3014096,NULL,'2019-03-07 18:56:41','2019-03-07 18:56:41',1),
	(837,3014096,275,2,3014096,NULL,'2019-03-07 18:58:58','2019-03-07 18:58:58',1),
	(838,3014096,266,2,3014096,NULL,'2019-03-08 11:05:53','2019-03-08 11:05:53',1),
	(839,3014096,59,2,3014096,NULL,'2019-03-08 19:37:22','2019-03-08 19:37:22',1),
	(840,3014096,60,1,3014096,3108996,'2019-04-10 17:49:47','2019-04-10 17:49:47',1),
	(841,3116946,359,1,3014096,3101309,'2019-03-19 04:37:01','2019-03-19 17:37:00',0),
	(842,3116988,304,2,3014102,3014102,'2019-03-20 05:12:50','2019-03-20 18:12:49',0),
	(843,3116990,356,2,3014102,3014102,'2019-03-20 05:14:25','2019-03-20 18:14:25',0),
	(844,3116991,69,2,3014102,NULL,'2019-03-20 05:16:51','2019-03-20 18:16:51',0),
	(1000,3106995,59,1,3014096,3014096,'2019-04-08 15:50:18','2019-04-08 15:50:18',1),
	(1001,3105890,77,2,3105890,3105890,'2019-03-26 11:00:41','2019-03-26 11:00:41',1),
	(1002,3105890,59,2,3105890,NULL,'2019-03-28 11:09:52','2019-03-28 11:09:52',1),
	(1003,3105890,100,2,3105890,NULL,'2019-03-28 11:24:01','2019-03-28 11:24:01',1),
	(1004,3105890,14,2,3105890,3114911,'2019-03-27 22:24:02','2019-03-28 11:24:01',0),
	(1005,3107382,59,1,3113481,3107382,'2019-04-08 11:22:29','2019-04-08 11:22:29',1),
	(1006,3107382,59,1,3113481,3107382,'2019-04-07 22:22:30','2019-04-08 11:22:29',0),
	(1007,3106995,348,2,3113481,3113481,'2019-04-22 16:41:35','2019-04-22 16:41:35',1),
	(1008,3112184,348,1,3113481,3113481,'2019-04-30 15:33:00','2019-04-30 15:33:00',1),
	(1009,3101876,100,1,3113481,3113481,'2019-04-30 15:31:57','2019-04-30 15:31:57',1),
	(1010,3014096,266,2,3014096,NULL,'2019-04-24 15:35:33','2019-04-24 15:35:33',1),
	(1011,3106995,100,2,3113481,NULL,'2019-04-30 15:32:50','2019-04-30 15:32:50',1),
	(1012,3127893,100,2,3014102,NULL,'2019-04-24 01:27:48','2019-04-24 14:27:48',0),
	(1013,3127896,100,2,3014102,NULL,'2019-04-24 01:29:38','2019-04-24 14:29:37',0),
	(1014,3014096,59,2,3014096,NULL,'2019-04-26 10:02:05','2019-04-26 10:02:05',1),
	(1015,3014096,60,2,3015794,NULL,'2019-04-26 10:11:02','2019-04-26 10:11:02',1),
	(1016,3014096,59,2,3015794,NULL,'2019-04-26 10:12:45','2019-04-26 10:12:45',1),
	(1017,3014096,60,2,3015794,NULL,'2019-04-26 10:26:01','2019-04-26 10:26:01',1),
	(1018,3014096,59,2,3015794,NULL,'2019-04-26 10:43:32','2019-04-26 10:43:32',1),
	(1019,3014096,60,2,3015794,NULL,'2019-04-26 10:44:15','2019-04-26 10:44:15',1),
	(1020,3014096,59,1,3015794,3114911,'2019-04-25 21:44:16','2019-04-26 10:44:15',0),
	(1021,3101876,266,1,3113481,3113481,'2019-05-05 14:30:20','2019-05-05 14:30:20',1),
	(1022,3106995,331,1,3113481,3113481,'2019-04-30 02:32:50','2019-04-30 15:32:50',0),
	(1023,3112184,266,2,3113481,NULL,'2019-04-30 02:33:00','2019-04-30 15:33:00',0),
	(1024,3115723,266,2,3113481,NULL,'2019-04-30 02:33:21','2019-04-30 15:33:20',0),
	(1025,3101876,59,1,3113481,3108996,'2019-05-15 17:46:22','2019-05-15 17:46:22',1),
	(1026,3134544,21,2,3101309,3114911,'2019-05-05 02:38:02','2019-05-05 15:38:01',0),
	(1027,3135970,366,2,3014096,NULL,'2019-05-07 15:39:26','2019-05-07 15:39:26',1),
	(1028,3135970,343,2,3014096,3114911,'2019-05-07 02:39:27','2019-05-07 15:39:26',0),
	(1029,3101876,266,1,3113481,3113481,'2019-05-16 01:53:53','2019-05-16 14:53:52',0),
	(1030,3014773,59,2,3015794,NULL,'2019-05-16 02:03:07','2019-05-16 15:03:06',0),
	(1031,3014467,386,2,3114911,3014096,'2019-05-16 19:38:36','2019-05-16 19:38:36',1),
	(1032,3142155,266,2,2410097,NULL,'2019-05-16 22:24:41','2019-05-17 11:24:40',0),
	(1033,132455,59,2,3114911,NULL,'2019-05-16 22:35:08','2019-05-17 11:35:08',0),
	(1034,3142348,59,2,3014096,3114911,'2019-05-17 15:15:06','2019-05-17 15:15:06',1),
	(1035,3142368,59,2,3108996,3108996,'2019-05-17 16:34:08','2019-05-17 16:34:08',1),
	(1036,3142396,59,2,3108996,3108996,'2019-05-17 15:39:43','2019-05-17 15:39:43',1),
	(1037,3142404,59,2,3108996,3108996,'2019-05-17 15:51:22','2019-05-17 15:51:22',1),
	(1038,3111894,266,2,3014096,3014096,'2019-05-20 17:34:40','2019-05-20 17:34:40',1),
	(1039,3111894,394,2,3101309,3014096,'2019-05-20 17:42:59','2019-05-20 17:42:59',1),
	(1040,3111894,394,2,3101309,NULL,'2019-05-20 04:44:04','2019-05-20 17:44:03',0);

/*!40000 ALTER TABLE `staff2dep` ENABLE KEYS */;
UNLOCK TABLES;


# Dump of table staff2dep_log
# ------------------------------------------------------------

DROP TABLE IF EXISTS `staff2dep_log`;

CREATE TABLE `staff2dep_log` (
  `id` bigint(20) NOT NULL AUTO_INCREMENT COMMENT '主键id',
  `record_id` bigint(20) DEFAULT NULL COMMENT '记录id',
  `staff_id` bigint(20) NOT NULL COMMENT '用户id',
  `dep_id` bigint(20) NOT NULL COMMENT '组织部门dep_id ，为0表示不属于任何公司',
  `position_type` int(8) NOT NULL COMMENT '职位类型：1.主管，2.非主管',
  `create_operator_id` bigint(20) DEFAULT NULL COMMENT '操作人ID',
  `update_operator_id` bigint(20) DEFAULT NULL COMMENT '更新人id',
  `create_time` timestamp NULL DEFAULT NULL COMMENT '创建时间',
  `update_time` timestamp NULL DEFAULT CURRENT_TIMESTAMP ON UPDATE CURRENT_TIMESTAMP COMMENT '更新时间',
  `is_deleted` int(11) DEFAULT NULL COMMENT '0未删除，1删除',
  PRIMARY KEY (`id`),
  KEY `IDX_biz_staff_id` (`staff_id`) USING BTREE,
  KEY `IDX_group_id` (`dep_id`) USING BTREE,
  KEY `idx_record_id` (`record_id`)
) ENGINE=InnoDB DEFAULT CHARSET=utf8mb4;

LOCK TABLES `staff2dep_log` WRITE;
/*!40000 ALTER TABLE `staff2dep_log` DISABLE KEYS */;

INSERT INTO `staff2dep_log` (`id`, `record_id`, `staff_id`, `dep_id`, `position_type`, `create_operator_id`, `update_operator_id`, `create_time`, `update_time`, `is_deleted`)
VALUES
	(1,3,132064,17,2,NULL,NULL,'2018-12-04 02:53:06','2018-12-04 16:56:55',0),
	(2,3,132064,17,2,NULL,NULL,'2018-12-04 02:56:47','2018-11-23 11:36:44',0),
	(3,NULL,3107382,59,2,3107382,3107382,'2018-12-04 19:47:15','2018-12-05 09:47:14',NULL),
	(4,NULL,3105890,107,2,3014096,3014096,'2018-12-04 21:32:38','2018-12-05 11:32:37',NULL),
	(5,6,132455,11,2,NULL,3101309,'2018-12-05 02:33:24','2018-12-05 16:33:23',1),
	(6,570,132455,236,2,NULL,3101309,'2018-12-05 02:33:24','2018-12-05 16:33:23',1),
	(7,4,132088,17,2,NULL,3101309,'2018-12-05 02:33:50','2018-12-05 16:33:49',1),
	(8,10,132088,11,1,NULL,3101309,'2018-12-05 02:33:50','2018-12-05 16:33:49',1),
	(9,572,132088,237,2,NULL,3101309,'2018-12-05 02:33:50','2018-12-05 16:33:49',1),
	(10,12,133465,11,2,NULL,3101309,'2018-12-05 03:59:58','2018-11-30 17:35:08',0),
	(11,12,133465,11,2,NULL,3101309,'2018-12-05 04:01:11','2018-11-30 17:35:08',0),
	(12,375,3112184,109,2,NULL,3014102,'2018-12-05 07:05:17','2018-12-05 16:04:41',0),
	(13,648,3109095,3,2,NULL,3114911,'2018-12-05 21:07:32','2018-12-05 16:04:41',0),
	(14,11,132472,14,2,NULL,3101309,'2018-12-06 00:12:09','2018-11-30 14:39:17',0),
	(15,11,132472,14,2,NULL,3101309,'2018-12-06 00:12:39','2018-12-06 14:12:38',1),
	(16,579,132472,240,2,NULL,3101309,'2018-12-06 00:12:39','2018-12-06 14:12:38',1),
	(17,458,3016083,301,2,NULL,3114911,'2018-12-06 01:21:31','2018-12-05 16:04:41',0),
	(18,458,3016083,301,2,NULL,3114911,'2018-12-06 01:22:27','2018-12-05 16:04:41',0),
	(19,458,3016083,301,2,NULL,3114911,'2018-12-06 01:24:06','2018-12-06 15:24:06',1),
	(20,477,3016083,82,2,NULL,3114911,'2018-12-06 01:24:06','2018-12-06 15:24:06',1),
	(21,480,3016083,84,2,NULL,3114911,'2018-12-06 01:24:06','2018-12-06 15:24:06',1),
	(22,516,3016083,88,2,NULL,3114911,'2018-12-06 01:24:06','2018-12-06 15:24:06',1),
	(23,536,3016083,93,2,NULL,3114911,'2018-12-06 01:24:06','2018-12-06 15:24:06',1),
	(24,682,3016083,277,2,NULL,3114911,'2018-12-06 01:24:06','2018-12-06 15:24:06',1),
	(25,NULL,3101876,77,2,3014096,3014096,'2018-12-06 02:10:40','2018-12-06 16:10:39',NULL),
	(26,13,3113481,59,1,3101876,3101309,'2018-12-06 03:15:46','2018-12-04 15:19:26',0),
	(27,13,3113481,59,1,3101876,3101309,'2018-12-06 03:15:59','2018-12-04 15:19:26',0),
	(28,13,3113481,11,2,3101876,3101309,'2018-12-06 03:20:09','2018-12-04 15:19:26',0),
	(29,13,3113481,11,1,3101876,3101309,'2018-12-06 03:20:30','2018-12-04 15:19:26',0),
	(30,13,3113481,14,2,3101876,3101309,'2018-12-06 03:20:52','2018-12-04 15:19:26',0),
	(31,13,3113481,14,2,3101876,3101309,'2018-12-06 03:21:06','2018-12-04 15:19:26',0),
	(32,13,3113481,14,1,3101876,3101309,'2018-12-06 03:21:14','2018-12-04 15:19:26',0),
	(33,13,3113481,103,2,3101876,3101309,'2018-12-06 03:21:31','2018-12-04 15:19:26',0),
	(34,13,3113481,103,2,3101876,3101309,'2018-12-06 03:22:05','2018-12-04 15:19:26',0),
	(35,13,3113481,103,1,3101876,3101309,'2018-12-06 03:22:34','2018-12-04 15:19:26',0),
	(36,13,3113481,103,1,3101876,3101309,'2018-12-06 03:23:46','2018-12-04 15:19:26',0),
	(37,13,3113481,297,2,3101876,3101309,'2018-12-06 03:24:03','2018-12-04 15:19:26',0),
	(38,13,3113481,11,2,3101876,3101309,'2018-12-06 03:24:59','2018-12-04 15:19:26',0),
	(39,13,3113481,11,2,3101876,3101309,'2018-12-06 03:25:20','2018-12-04 15:19:26',0),
	(40,13,3113481,11,1,3101876,3101309,'2018-12-06 03:25:50','2018-12-04 15:19:26',0),
	(41,14,3107382,59,1,3107382,3101309,'2018-12-06 03:27:58','2018-12-05 09:47:14',0),
	(42,14,3107382,11,2,3107382,3101309,'2018-12-06 03:29:38','2018-12-05 09:47:14',0),
	(43,14,3107382,4,2,3107382,3101309,'2018-12-06 04:02:57','2018-12-05 09:47:14',0),
	(44,14,3107382,11,2,3107382,3101309,'2018-12-06 04:06:39','2018-12-05 09:47:14',0),
	(45,14,3107382,16,2,3107382,3101309,'2018-12-06 04:07:22','2018-12-05 09:47:14',0),
	(46,14,3107382,11,2,3107382,3101309,'2018-12-06 04:40:24','2018-12-05 09:47:14',0),
	(47,14,3107382,59,1,3107382,3107382,'2018-12-06 04:40:31','2018-12-05 09:47:14',0),
	(48,647,3109094,266,1,NULL,3114911,'2018-12-06 05:02:57','2018-12-05 16:04:41',0),
	(49,647,3109094,266,1,NULL,3114911,'2018-12-06 05:03:18','2018-12-05 16:04:41',0),
	(50,647,3109094,266,2,NULL,3114911,'2018-12-06 05:03:26','2018-12-05 16:04:41',0),
	(51,647,3109094,266,1,NULL,3114911,'2018-12-06 05:04:52','2018-12-05 16:04:41',0),
	(52,647,3109094,266,2,NULL,3114911,'2018-12-06 05:07:14','2018-12-05 16:04:41',0),
	(53,647,3109094,266,1,NULL,3114911,'2018-12-06 05:07:21','2018-12-05 16:04:41',0),
	(54,646,408899,307,2,NULL,3114911,'2018-12-06 05:12:09','2018-12-05 16:04:41',0),
	(55,646,408899,307,2,NULL,3114911,'2018-12-06 05:12:14','2018-12-05 16:04:41',0),
	(56,272,3014520,59,1,NULL,3101309,'2018-12-06 05:17:09','2018-12-05 16:04:41',0),
	(57,14,3107382,11,2,3107382,3114911,'2018-12-06 05:32:41','2018-12-05 09:47:14',0),
	(58,276,3106611,59,2,NULL,3114911,'2018-12-06 05:38:03','2018-12-06 19:38:03',1),
	(59,295,3106611,62,2,NULL,3114911,'2018-12-06 05:38:03','2018-12-06 19:38:03',1),
	(60,313,3106611,64,2,NULL,3114911,'2018-12-06 05:38:03','2018-12-06 19:38:03',1),
	(61,331,3106611,66,2,NULL,3114911,'2018-12-06 05:38:03','2018-12-06 19:38:03',1),
	(62,347,3106611,67,2,NULL,3114911,'2018-12-06 05:38:03','2018-12-06 19:38:03',1),
	(63,363,3106611,68,2,NULL,3114911,'2018-12-06 05:38:03','2018-12-06 19:38:03',1),
	(64,380,3106611,71,2,NULL,3114911,'2018-12-06 05:38:03','2018-12-06 19:38:03',1),
	(65,398,3106611,73,2,NULL,3114911,'2018-12-06 05:38:03','2018-12-06 19:38:03',1),
	(66,414,3106611,74,2,NULL,3114911,'2018-12-06 05:38:03','2018-12-06 19:38:03',1),
	(67,430,3106611,75,2,NULL,3114911,'2018-12-06 05:38:03','2018-12-06 19:38:03',1),
	(68,446,3106611,76,2,NULL,3114911,'2018-12-06 05:38:03','2018-12-06 19:38:03',1),
	(69,465,3106611,81,2,NULL,3114911,'2018-12-06 05:38:03','2018-12-06 19:38:03',1),
	(70,486,3106611,85,2,NULL,3114911,'2018-12-06 05:38:03','2018-12-06 19:38:03',1),
	(71,502,3106611,86,2,NULL,3114911,'2018-12-06 05:38:03','2018-12-06 19:38:03',1),
	(72,522,3106611,90,2,NULL,3114911,'2018-12-06 05:38:03','2018-12-06 19:38:03',1),
	(73,543,3106611,96,2,NULL,3114911,'2018-12-06 05:38:03','2018-12-06 19:38:03',1),
	(74,667,3106611,274,2,NULL,3114911,'2018-12-06 05:38:03','2018-12-06 19:38:03',1),
	(75,10,132088,11,1,NULL,3114911,'2018-12-06 05:48:31','2018-12-06 15:47:05',0),
	(76,10,132088,11,1,NULL,3114911,'2018-12-06 05:48:41','2018-12-06 15:47:05',0),
	(77,6,132455,299,2,NULL,3114911,'2018-12-06 06:02:58','2018-12-06 15:47:21',0),
	(78,6,132455,14,2,NULL,3114911,'2018-12-06 06:03:07','2018-12-06 15:47:21',0),
	(79,10,132088,11,2,NULL,3114911,'2018-12-06 06:35:21','2018-12-06 15:47:05',0),
	(80,10,132088,11,2,NULL,3114911,'2018-12-06 06:39:40','2018-12-06 15:47:05',0),
	(81,10,132088,11,2,NULL,3114911,'2018-12-06 06:39:56','2018-12-06 15:47:05',0),
	(82,272,3014520,59,1,NULL,3101309,'2018-12-06 06:54:13','2018-12-05 16:04:41',0),
	(83,272,3014520,11,2,NULL,3101309,'2018-12-06 19:09:32','2018-12-05 16:04:41',0),
	(84,272,3014520,11,1,NULL,3101309,'2018-12-06 19:30:00','2018-12-05 16:04:41',0),
	(85,273,3106728,298,2,NULL,3101309,'2018-12-06 19:40:01','2018-12-05 16:04:41',0),
	(86,273,3106728,297,2,NULL,3101309,'2018-12-06 20:22:15','2018-12-07 09:59:08',0),
	(87,273,3106728,318,2,NULL,3101309,'2018-12-06 20:25:56','2018-12-07 09:59:08',0),
	(88,679,3014012,319,2,NULL,3114911,'2018-12-06 20:32:55','2018-12-05 16:04:41',0),
	(89,679,3014012,319,1,NULL,3114911,'2018-12-06 20:33:24','2018-12-05 16:04:41',0),
	(90,679,3014012,319,1,NULL,3114911,'2018-12-06 20:33:52','2018-12-05 16:04:41',0),
	(91,679,3014012,321,2,NULL,3114911,'2018-12-06 21:17:01','2018-12-07 11:16:25',0),
	(92,679,3014012,321,2,NULL,3114911,'2018-12-06 21:17:03','2018-12-07 11:16:25',0),
	(93,680,3109093,322,2,NULL,3114911,'2018-12-06 21:17:35','2018-12-05 16:04:41',0),
	(94,680,3109093,322,2,NULL,3114911,'2018-12-06 21:17:37','2018-12-05 16:04:41',0),
	(95,274,3105545,11,2,NULL,3101309,'2018-12-06 21:18:21','2018-12-05 16:04:41',0),
	(96,274,3105545,11,1,NULL,3101309,'2018-12-06 21:18:24','2018-12-05 16:04:41',0),
	(97,679,3014012,324,2,NULL,3114911,'2018-12-06 21:18:54','2018-12-07 11:18:02',0),
	(98,679,3014012,324,2,NULL,3114911,'2018-12-06 21:18:55','2018-12-07 11:18:02',0),
	(99,680,3109093,324,2,NULL,3114911,'2018-12-06 21:19:13','2018-12-07 11:18:02',0),
	(100,680,3109093,324,2,NULL,3114911,'2018-12-06 21:19:15','2018-12-07 11:18:02',0),
	(101,679,3014012,327,2,NULL,3114911,'2018-12-06 21:20:33','2018-12-07 11:19:35',0),
	(102,679,3014012,327,2,NULL,3114911,'2018-12-06 21:20:35','2018-12-07 11:19:35',0),
	(103,680,3109093,326,2,NULL,3114911,'2018-12-06 21:21:10','2018-12-07 11:19:35',0),
	(104,680,3109093,326,2,NULL,3114911,'2018-12-06 21:21:11','2018-12-07 11:19:35',0),
	(105,10,132088,17,2,NULL,3101309,'2018-12-06 21:22:03','2018-12-06 15:47:05',0),
	(106,10,132088,17,2,NULL,3101309,'2018-12-06 21:22:08','2018-12-06 15:47:05',0),
	(107,679,3014012,325,2,NULL,3114911,'2018-12-06 21:24:36','2018-12-07 11:21:35',0),
	(108,679,3014012,325,2,NULL,3114911,'2018-12-06 21:24:38','2018-12-07 11:21:35',0),
	(109,679,3014012,325,2,NULL,3114911,'2018-12-06 21:25:56','2018-12-07 11:21:35',0),
	(110,679,3014012,325,2,NULL,3114911,'2018-12-06 21:26:03','2018-12-07 11:21:35',0),
	(111,649,3014096,266,1,NULL,3114911,'2018-12-06 21:32:36','2018-12-05 16:04:41',0),
	(112,649,3014096,266,2,NULL,3114911,'2018-12-06 21:34:30','2018-12-05 16:04:41',0),
	(113,649,3014096,266,1,NULL,3114911,'2018-12-06 21:34:37','2018-12-05 16:04:41',0),
	(114,10,132088,59,1,NULL,3101309,'2018-12-06 21:38:04','2018-12-07 11:23:51',0),
	(115,10,132088,14,1,NULL,3101309,'2018-12-06 21:38:19','2018-12-07 11:23:51',0),
	(116,649,3014096,307,2,NULL,3114911,'2018-12-06 21:44:22','2018-12-05 16:04:41',0),
	(117,649,3014096,307,2,NULL,3114911,'2018-12-06 21:44:26','2018-12-05 16:04:41',0),
	(118,647,3109094,266,2,NULL,3114911,'2018-12-06 21:48:29','2018-12-05 16:04:41',0),
	(119,647,3109094,266,1,NULL,3114911,'2018-12-06 21:48:36','2018-12-05 16:04:41',0),
	(120,10,132088,14,2,NULL,3101309,'2018-12-07 01:03:50','2018-12-07 11:23:51',0),
	(121,10,132088,14,1,NULL,3101309,'2018-12-07 01:03:55','2018-12-07 11:23:51',0),
	(122,10,132088,14,2,NULL,3101309,'2018-12-07 01:04:45','2018-12-07 11:23:51',0),
	(123,10,132088,14,1,NULL,3101309,'2018-12-07 01:05:11','2018-12-07 11:23:51',0),
	(124,10,132088,14,2,NULL,3101309,'2018-12-07 01:05:30','2018-12-07 11:23:51',0),
	(125,10,132088,14,1,NULL,3101309,'2018-12-07 01:08:09','2018-12-07 11:23:51',0),
	(126,10,132088,103,1,NULL,3101309,'2018-12-07 01:08:17','2018-12-07 11:23:51',0),
	(127,646,408899,307,1,NULL,3101309,'2018-12-07 21:22:00','2018-12-05 16:04:41',0),
	(128,646,408899,307,2,NULL,3101309,'2018-12-07 21:22:06','2018-12-05 16:04:41',0),
	(129,646,408899,307,1,NULL,3101309,'2018-12-07 21:22:10','2018-12-05 16:04:41',0),
	(130,649,3014096,307,1,NULL,3101309,'2018-12-07 21:22:43','2018-12-05 16:04:41',0),
	(131,649,3014096,307,2,NULL,3101309,'2018-12-07 21:22:46','2018-12-05 16:04:41',0),
	(132,646,408899,307,2,NULL,3101309,'2018-12-07 21:23:03','2018-12-05 16:04:41',0),
	(133,646,408899,307,1,NULL,3101309,'2018-12-07 21:23:08','2018-12-05 16:04:41',0),
	(134,646,408899,331,1,NULL,3101309,'2018-12-07 21:23:54','2018-12-05 16:04:41',0),
	(135,646,408899,331,1,NULL,3101309,'2018-12-07 21:24:22','2018-12-08 11:24:21',1),
	(136,649,3014096,307,2,NULL,3101309,'2018-12-07 21:24:40','2018-12-08 11:24:40',1),
	(137,14,3107382,21,2,3107382,3101309,'2018-12-08 01:56:26','2018-12-07 11:23:51',0),
	(138,14,3107382,21,2,3107382,3101309,'2018-12-08 01:59:14','2018-12-07 11:23:51',0),
	(139,6,132455,14,2,NULL,3101309,'2018-12-08 02:17:32','2018-12-06 15:47:21',0),
	(140,6,132455,21,2,NULL,3101309,'2018-12-08 02:17:43','2018-12-06 15:47:21',0),
	(141,6,132455,14,2,NULL,3101309,'2018-12-08 02:19:49','2018-12-06 15:47:21',0),
	(142,14,3107382,329,2,3107382,3101309,'2018-12-08 02:22:40','2018-12-07 11:23:51',0),
	(143,NULL,3106611,77,2,3106611,3106611,'2018-12-10 02:44:26','2018-12-10 16:44:26',NULL),
	(144,13,3113481,59,2,3101876,3101309,'2018-12-10 04:54:02','2018-12-10 18:54:01',1),
	(145,285,3113481,59,2,NULL,3101309,'2018-12-10 04:54:02','2018-12-10 18:54:01',1),
	(146,304,3113481,59,2,NULL,3101309,'2018-12-10 04:54:02','2018-12-10 18:54:01',1),
	(147,322,3113481,59,2,NULL,3101309,'2018-12-10 04:54:02','2018-12-10 18:54:01',1),
	(148,340,3113481,59,2,NULL,3101309,'2018-12-10 04:54:02','2018-12-10 18:54:01',1),
	(149,356,3113481,59,2,NULL,3101309,'2018-12-10 04:54:02','2018-12-10 18:54:01',1),
	(150,372,3113481,59,2,NULL,3101309,'2018-12-10 04:54:02','2018-12-10 18:54:01',1),
	(151,389,3113481,59,2,NULL,3101309,'2018-12-10 04:54:02','2018-12-10 18:54:01',1),
	(152,407,3113481,59,2,NULL,3101309,'2018-12-10 04:54:02','2018-12-10 18:54:01',1),
	(153,423,3113481,59,2,NULL,3101309,'2018-12-10 04:54:02','2018-12-10 18:54:01',1),
	(154,439,3113481,59,2,NULL,3101309,'2018-12-10 04:54:02','2018-12-10 18:54:01',1),
	(155,455,3113481,59,2,NULL,3101309,'2018-12-10 04:54:02','2018-12-10 18:54:01',1),
	(156,474,3113481,59,2,NULL,3101309,'2018-12-10 04:54:02','2018-12-10 18:54:01',1),
	(157,495,3113481,59,2,NULL,3101309,'2018-12-10 04:54:02','2018-12-10 18:54:01',1),
	(158,511,3113481,59,2,NULL,3101309,'2018-12-10 04:54:02','2018-12-10 18:54:01',1),
	(159,531,3113481,59,2,NULL,3101309,'2018-12-10 04:54:02','2018-12-10 18:54:01',1),
	(160,552,3113481,59,2,NULL,3101309,'2018-12-10 04:54:02','2018-12-10 18:54:01',1),
	(161,676,3113481,59,2,NULL,3101309,'2018-12-10 04:54:02','2018-12-10 18:54:01',1),
	(162,NULL,3115083,59,2,3101309,3101309,'2018-12-10 05:24:33','2018-12-10 19:24:32',NULL),
	(163,NULL,3014096,266,2,3014096,3014096,'2018-12-10 21:29:52','2018-12-11 11:29:52',NULL),
	(164,NULL,3106995,59,2,3101876,3101876,'2018-12-13 06:30:07','2018-12-13 20:30:06',NULL),
	(165,785,3014096,331,2,3014096,3101309,'2018-12-18 21:39:07','2018-12-11 11:29:52',0),
	(166,785,3014096,331,1,3014096,3101309,'2018-12-18 21:39:11','2018-12-11 11:29:52',0),
	(167,785,3014096,331,1,3014096,3101309,'2018-12-18 21:39:15','2018-12-11 11:29:52',0),
	(168,NULL,3108996,59,2,3108996,3108996,'2018-12-21 00:16:27','2018-12-21 14:16:27',NULL),
	(169,NULL,3014096,266,2,3014096,3014096,'2018-12-21 00:49:14','2018-12-21 14:49:13',NULL),
	(170,NULL,3109095,70,2,3014096,3014096,'2018-12-21 21:46:26','2018-12-22 11:46:26',NULL),
	(171,NULL,3109095,266,2,3014096,3014096,'2018-12-21 21:46:31','2018-12-22 11:46:31',NULL),
	(172,NULL,159518,266,2,3014096,3014096,'2018-12-21 21:49:21','2018-12-22 11:49:21',NULL),
	(173,NULL,159518,70,2,3014096,3014096,'2018-12-21 21:51:42','2018-12-22 11:51:42',NULL),
	(174,NULL,159518,266,2,3014096,3014096,'2018-12-21 21:51:48','2018-12-22 11:51:47',NULL),
	(175,NULL,3106611,266,2,3014096,3014096,'2018-12-21 21:56:21','2018-12-22 11:56:21',NULL),
	(176,NULL,3108996,266,2,3014096,3014096,'2018-12-21 21:59:13','2018-12-22 11:59:13',NULL),
	(177,NULL,3106995,266,2,3014096,3014096,'2018-12-21 21:59:49','2018-12-22 11:59:48',NULL),
	(178,NULL,3115083,266,2,3014096,3014096,'2018-12-21 22:00:47','2018-12-22 12:00:47',NULL),
	(179,NULL,3015794,266,2,3014096,3014096,'2018-12-21 22:01:41','2018-12-22 12:01:41',NULL),
	(180,NULL,3014408,266,2,3014096,3014096,'2018-12-21 22:02:06','2018-12-22 12:02:06',NULL),
	(181,NULL,3109192,266,2,3014096,3014096,'2018-12-21 22:02:33','2018-12-22 12:02:33',NULL),
	(182,NULL,133136,266,2,3014096,3014096,'2018-12-21 22:04:14','2018-12-22 12:04:14',NULL),
	(183,NULL,133465,266,2,3014096,3014096,'2018-12-21 22:07:29','2018-12-22 12:07:28',NULL),
	(184,NULL,132168,266,2,3014096,3014096,'2018-12-23 21:44:11','2018-12-24 11:44:10',NULL),
	(185,NULL,3112979,266,2,3014096,3014096,'2019-01-02 20:00:12','2019-01-03 10:00:12',NULL),
	(186,NULL,3115672,266,2,3014096,3014096,'2019-01-02 21:35:39','2019-01-03 11:35:38',NULL),
	(187,NULL,3115677,266,2,3014096,3014096,'2019-01-03 01:25:47','2019-01-03 15:25:47',NULL),
	(188,NULL,3115713,59,2,3101309,3101309,'2019-01-04 00:30:48','2019-01-04 14:30:48',NULL),
	(189,NULL,3101876,61,2,3101876,3101876,'2019-01-04 02:40:45','2019-01-04 16:40:44',NULL),
	(190,NULL,3101876,59,2,3113481,3113481,'2019-01-04 02:45:36','2019-01-04 16:45:35',NULL),
	(191,809,3101876,300,2,3113481,3113481,'2019-01-04 02:46:04','2019-01-04 16:45:35',0),
	(192,809,3101876,300,2,3113481,3113481,'2019-01-04 02:46:08','2019-01-04 16:45:35',0),
	(193,809,3101876,300,2,3113481,3113481,'2019-01-04 02:48:15','2019-01-04 16:45:35',0),
	(194,NULL,3106995,77,2,3106995,3106995,'2019-01-04 06:10:04','2019-01-04 20:10:04',NULL),
	(195,NULL,3106995,59,2,3106995,3106995,'2019-01-04 06:11:00','2019-01-04 20:10:59',NULL),
	(196,811,3106995,59,1,3106995,3113481,'2019-01-04 06:13:41','2019-01-04 20:10:59',0),
	(197,NULL,3105813,100,2,3113481,3113481,'2019-01-04 06:20:52','2019-01-04 20:20:51',NULL),
	(198,812,3105813,100,1,3113481,3113481,'2019-01-04 06:21:34','2019-01-04 20:20:51',0),
	(199,812,3105813,100,1,3113481,3113481,'2019-01-04 06:21:44','2019-01-04 20:20:51',0),
	(200,NULL,3107382,100,2,3113481,3113481,'2019-01-04 06:22:19','2019-01-04 20:22:19',NULL),
	(201,NULL,3112184,100,2,3113481,3113481,'2019-01-04 06:23:26','2019-01-04 20:23:26',NULL),
	(202,NULL,3115723,100,2,3113481,3113481,'2019-01-04 06:26:09','2019-01-04 20:26:09',NULL),
	(203,814,3112184,347,2,3113481,3113481,'2019-01-04 06:36:54','2019-01-04 20:23:26',0),
	(204,814,3112184,347,1,3113481,3113481,'2019-01-04 06:36:55','2019-01-04 20:23:26',0),
	(205,814,3112184,347,1,3113481,3113481,'2019-01-04 06:37:00','2019-01-04 20:23:26',0),
	(206,813,3107382,349,2,3113481,3113481,'2019-01-04 06:37:42','2019-01-04 20:22:19',0),
	(207,813,3107382,349,2,3113481,3113481,'2019-01-04 06:37:43','2019-01-04 20:22:19',0),
	(208,809,3101876,300,2,3113481,3113481,'2019-01-04 21:02:53','2019-01-05 11:02:53',1),
	(209,NULL,3112184,100,2,3113481,3113481,'2019-01-05 01:18:43','2019-01-05 15:18:43',NULL),
	(210,NULL,3101876,59,2,3101876,3101876,'2019-01-06 19:37:54','2019-01-07 09:37:53',NULL),
	(211,811,3106995,59,1,3106995,3106995,'2019-01-06 19:41:52','2019-01-07 09:41:51',1),
	(212,817,3101876,300,2,3101876,3106995,'2019-01-06 19:44:09','2019-01-07 09:37:53',0),
	(213,817,3101876,300,2,3101876,3106995,'2019-01-06 19:44:12','2019-01-07 09:37:53',0),
	(214,813,3107382,349,2,3113481,3113481,'2019-01-07 21:43:23','2019-01-04 20:22:19',0),
	(215,813,3107382,349,1,3113481,3113481,'2019-01-07 21:43:25','2019-01-04 20:22:19',0),
	(216,813,3107382,349,1,3113481,3113481,'2019-01-07 21:43:30','2019-01-04 20:22:19',0),
	(217,813,3107382,347,1,3113481,3113481,'2019-01-07 21:43:50','2019-01-04 20:22:19',0),
	(218,813,3107382,347,1,3113481,3113481,'2019-01-07 21:43:53','2019-01-04 20:22:19',0),
	(219,NULL,3106995,59,2,3106995,3106995,'2019-01-08 00:17:50','2019-01-08 14:17:49',NULL),
	(220,817,3101876,300,1,3101876,3113481,'2019-01-08 02:56:30','2019-01-07 09:37:53',0),
	(221,817,3101876,300,1,3101876,3113481,'2019-01-08 02:56:33','2019-01-07 09:37:53',0),
	(222,NULL,3101876,100,2,3113481,3113481,'2019-01-08 02:59:44','2019-01-08 16:59:44',NULL),
	(223,819,3101876,347,2,3113481,3113481,'2019-01-08 03:00:22','2019-01-08 16:59:44',0),
	(224,819,3101876,347,1,3113481,3113481,'2019-01-08 03:00:23','2019-01-08 16:59:44',0),
	(225,813,3107382,347,1,3113481,3113481,'2019-01-08 03:00:42','2019-01-04 20:22:19',0),
	(226,813,3107382,349,1,3113481,3113481,'2019-01-08 03:00:56','2019-01-04 20:22:19',0),
	(227,813,3107382,349,1,3113481,3113481,'2019-01-08 03:00:57','2019-01-04 20:22:19',0),
	(228,NULL,3101876,59,2,3113481,3113481,'2019-01-08 03:02:36','2019-01-08 17:02:36',NULL),
	(229,820,3101876,59,1,3113481,3113481,'2019-01-08 03:02:49','2019-01-08 17:02:36',0),
	(230,820,3101876,59,1,3113481,3113481,'2019-01-08 03:03:00','2019-01-08 17:02:36',0),
	(231,820,3101876,59,2,3113481,3113481,'2019-01-08 05:04:50','2019-01-08 17:02:36',0),
	(232,820,3101876,59,2,3113481,3113481,'2019-01-08 05:04:53','2019-01-08 17:02:36',0),
	(233,818,3106995,59,2,3106995,3106995,'2019-01-08 07:46:01','2019-01-08 21:46:01',1),
	(234,NULL,3109093,100,2,3113481,3113481,'2019-01-08 21:19:24','2019-01-09 11:19:24',NULL),
	(235,815,3115723,100,2,3113481,3113481,'2019-01-08 21:19:36','2019-01-09 11:19:35',1),
	(236,NULL,3106995,59,2,3106995,3106995,'2019-01-08 22:49:48','2019-01-09 12:49:47',NULL),
	(237,NULL,3106995,100,2,3113481,3113481,'2019-01-09 04:23:23','2019-01-09 18:23:23',NULL),
	(238,823,3106995,347,2,3113481,3113481,'2019-01-09 04:23:49','2019-01-09 18:23:23',0),
	(239,823,3106995,347,1,3113481,3113481,'2019-01-09 04:23:51','2019-01-09 18:23:23',0),
	(240,NULL,3101876,100,2,3113481,3113481,'2019-01-09 06:19:50','2019-01-09 20:19:49',NULL),
	(241,824,3101876,347,2,3113481,3113481,'2019-01-09 06:20:17','2019-01-09 20:19:49',0),
	(242,824,3101876,347,2,3113481,3113481,'2019-01-09 06:20:19','2019-01-09 20:19:49',0),
	(243,NULL,3115723,100,2,3113481,3113481,'2019-01-09 06:42:38','2019-01-09 20:42:38',NULL),
	(244,NULL,3101876,59,2,3101876,3101876,'2019-01-09 08:15:01','2019-01-09 22:15:01',NULL),
	(245,825,3115723,348,2,3113481,3113481,'2019-01-10 08:24:34','2019-01-09 20:42:38',0),
	(246,825,3115723,348,2,3113481,3113481,'2019-01-10 08:24:37','2019-01-09 20:42:38',0),
	(247,813,3107382,349,2,3113481,3113481,'2019-01-10 08:28:46','2019-01-04 20:22:19',0),
	(248,813,3107382,349,1,3113481,3113481,'2019-01-10 08:31:08','2019-01-04 20:22:19',0),
	(249,NULL,3014096,100,2,3113481,3113481,'2019-01-10 20:53:22','2019-01-11 10:53:22',NULL),
	(250,827,3014096,351,2,3113481,3113481,'2019-01-10 20:53:37','2019-01-11 10:53:22',0),
	(251,827,3014096,351,2,3113481,3113481,'2019-01-10 20:53:39','2019-01-11 10:53:22',0),
	(252,NULL,3107382,100,2,3113481,3113481,'2019-01-11 02:04:25','2019-01-11 16:04:25',NULL),
	(253,828,3107382,348,2,3113481,3113481,'2019-01-11 02:47:49','2019-01-11 16:04:25',0),
	(254,828,3107382,348,1,3113481,3113481,'2019-01-11 02:47:53','2019-01-11 16:04:25',0),
	(255,828,3107382,347,1,3113481,3113481,'2019-01-11 02:51:34','2019-01-11 16:04:25',0),
	(256,828,3107382,347,2,3113481,3113481,'2019-01-11 02:51:42','2019-01-11 16:04:25',0),
	(257,828,3107382,349,2,3113481,3113481,'2019-01-11 02:52:32','2019-01-11 16:04:25',0),
	(258,828,3107382,349,2,3113481,3113481,'2019-01-11 02:52:33','2019-01-11 16:04:25',0),
	(259,828,3107382,347,2,3113481,3113481,'2019-01-11 02:57:26','2019-01-11 16:04:25',0),
	(260,828,3107382,347,1,3113481,3113481,'2019-01-11 03:37:58','2019-01-11 16:04:25',0),
	(261,828,3107382,347,1,3113481,3113481,'2019-01-11 03:38:02','2019-01-11 16:04:25',0),
	(262,823,3106995,347,2,3113481,3113481,'2019-01-11 03:39:54','2019-01-09 18:23:23',0),
	(263,823,3106995,347,2,3113481,3113481,'2019-01-11 03:39:58','2019-01-09 18:23:23',0),
	(264,NULL,3101876,100,2,3113481,3113481,'2019-01-13 04:33:01','2019-01-13 18:33:00',NULL),
	(265,NULL,3115414,59,2,3115414,3115414,'2019-01-14 03:56:56','2019-01-14 17:56:56',NULL),
	(266,NULL,3115930,59,2,3101309,3101309,'2019-01-15 00:04:00','2019-01-15 14:04:00',NULL),
	(267,NULL,3098181,59,2,3105890,3105890,'2019-01-24 21:09:19','2019-01-25 11:09:19',NULL),
	(268,NULL,3014096,266,2,3014096,3014096,'2019-01-24 21:13:08','2019-01-25 11:13:07',NULL),
	(269,NULL,3105563,266,2,3014096,3014096,'2019-02-14 21:09:28','2019-02-15 11:09:28',NULL),
	(270,NULL,3116544,59,2,3014102,3014102,'2019-02-27 01:48:37','2019-02-27 15:48:36',NULL),
	(271,NULL,3014096,59,2,3014096,3014096,'2019-03-07 04:30:27','2019-03-07 18:30:26',NULL),
	(272,NULL,3014096,275,2,3014096,3014096,'2019-03-07 04:56:42','2019-03-07 18:56:41',NULL),
	(273,NULL,3014096,266,2,3014096,3014096,'2019-03-07 04:58:59','2019-03-07 18:58:58',NULL),
	(274,NULL,3014096,59,2,3014096,3014096,'2019-03-07 21:05:53','2019-03-08 11:05:53',NULL),
	(275,NULL,3014096,60,2,3014096,3014096,'2019-03-08 05:37:22','2019-03-08 19:37:22',NULL),
	(276,NULL,3116946,59,2,3014096,3014096,'2019-03-19 04:37:01','2019-03-19 17:37:00',NULL),
	(277,NULL,3116988,69,2,3014102,3014102,'2019-03-20 05:12:50','2019-03-20 18:12:49',NULL),
	(278,NULL,3116990,69,2,3014102,3014102,'2019-03-20 05:14:25','2019-03-20 18:14:25',NULL),
	(279,842,3116988,304,2,3014102,3014102,'2019-03-20 05:14:44','2019-03-20 18:12:49',0),
	(280,842,3116988,304,2,3014102,3014102,'2019-03-20 05:14:51','2019-03-20 18:12:49',0),
	(281,843,3116990,356,2,3014102,3014102,'2019-03-20 05:15:49','2019-03-20 18:14:25',0),
	(282,843,3116990,356,2,3014102,3014102,'2019-03-20 05:15:50','2019-03-20 18:14:25',0),
	(283,NULL,3116991,69,2,3014102,3014102,'2019-03-20 05:16:51','2019-03-20 18:16:51',NULL),
	(284,828,3107382,59,1,3113481,3107382,'2019-03-20 05:59:30','2019-01-11 16:04:25',0),
	(285,828,3107382,59,1,3113481,3107382,'2019-03-22 01:13:03','2019-01-11 16:04:25',0),
	(286,798,3015794,266,1,3014096,3101309,'2019-03-22 03:19:35','2018-12-22 12:01:41',0),
	(287,798,3015794,266,1,3014096,3101309,'2019-03-22 03:19:39','2018-12-22 12:01:41',0),
	(288,NULL,3105890,77,2,3105890,3105890,'2019-03-25 21:58:50','2019-03-26 10:58:50',NULL),
	(289,1001,3105890,77,2,3105890,3105890,'2019-03-25 22:00:42','2019-03-26 11:00:41',1),
	(290,NULL,3105890,59,2,3105890,3105890,'2019-03-25 22:18:28','2019-03-26 11:18:28',NULL),
	(291,NULL,3105890,100,2,3105890,3105890,'2019-03-27 22:09:53','2019-03-28 11:09:52',NULL),
	(292,NULL,3105890,59,2,3105890,3105890,'2019-03-27 22:24:02','2019-03-28 11:24:01',NULL),
	(293,798,3015794,345,1,3014096,3101309,'2019-03-28 22:36:47','2018-12-22 12:01:41',0),
	(294,798,3015794,345,1,3014096,3101309,'2019-03-28 22:36:52','2018-12-22 12:01:41',0),
	(295,272,3014520,59,2,NULL,3101309,'2019-04-01 02:50:48','2018-12-07 11:23:51',0),
	(296,841,3116946,318,0,3014096,3101309,'2019-04-01 03:46:55','2019-03-19 17:37:00',0),
	(297,273,3106728,318,1,NULL,3101309,'2019-04-01 03:47:16','2018-12-07 09:59:08',0),
	(298,273,3106728,318,2,NULL,3101309,'2019-04-01 03:51:45','2018-12-07 09:59:08',0),
	(299,273,3106728,318,1,NULL,3101309,'2019-04-01 03:51:53','2018-12-07 09:59:08',0),
	(300,273,3106728,318,2,NULL,3101309,'2019-04-01 03:53:02','2018-12-07 09:59:08',0),
	(301,273,3106728,318,0,NULL,3101309,'2019-04-01 03:54:00','2018-12-07 09:59:08',0),
	(302,273,3106728,359,2,NULL,3101309,'2019-04-01 04:01:04','2018-12-07 09:59:08',0),
	(303,841,3116946,359,2,3014096,3101309,'2019-04-01 04:05:19','2019-03-19 17:37:00',0),
	(304,841,3116946,359,2,3014096,3101309,'2019-04-01 04:05:21','2019-03-19 17:37:00',0),
	(305,273,3106728,359,1,NULL,3101309,'2019-04-01 04:07:12','2018-12-07 09:59:08',0),
	(306,273,3106728,359,2,NULL,3101309,'2019-04-01 04:07:41','2018-12-07 09:59:08',0),
	(307,841,3116946,359,1,3014096,3101309,'2019-04-01 04:08:03','2019-03-19 17:37:00',0),
	(308,273,3106728,359,1,NULL,3101309,'2019-04-01 04:08:12','2018-12-07 09:59:08',0),
	(309,273,3106728,359,2,NULL,3101309,'2019-04-01 04:08:16','2018-12-07 09:59:08',0),
	(310,841,3116946,359,2,3014096,3101309,'2019-04-01 04:08:24','2019-03-19 17:37:00',0),
	(311,841,3116946,359,1,3014096,3101309,'2019-04-01 04:09:00','2019-03-19 17:37:00',0),
	(312,841,3116946,359,2,3014096,3101309,'2019-04-01 04:12:58','2019-03-19 17:37:00',0),
	(313,273,3106728,359,1,NULL,3101309,'2019-04-01 04:13:50','2018-12-07 09:59:08',0),
	(314,273,3106728,359,2,NULL,3101309,'2019-04-01 04:13:55','2018-12-07 09:59:08',0),
	(315,273,3106728,359,1,NULL,3101309,'2019-04-01 04:13:59','2018-12-07 09:59:08',0),
	(316,831,3115930,359,2,3101309,3101309,'2019-04-01 04:15:43','2019-01-15 14:04:00',0),
	(317,841,3116946,359,1,3014096,3101309,'2019-04-01 04:15:52','2019-03-19 17:37:00',0),
	(318,831,3115930,359,1,3101309,3101309,'2019-04-01 04:16:04','2019-01-15 14:04:00',0),
	(319,841,3116946,359,2,3014096,3101309,'2019-04-01 04:16:31','2019-03-19 17:37:00',0),
	(320,273,3106728,359,2,NULL,3101309,'2019-04-01 04:16:45','2018-12-07 09:59:08',0),
	(321,273,3106728,359,1,NULL,3101309,'2019-04-01 04:16:49','2018-12-07 09:59:08',0),
	(322,841,3116946,359,1,3014096,3101309,'2019-04-01 04:17:21','2019-03-19 17:37:00',0),
	(323,1004,3105890,59,1,3105890,3101309,'2019-04-01 04:19:53','2019-03-28 11:24:01',0),
	(324,1004,3105890,59,2,3105890,3101309,'2019-04-01 04:19:58','2019-03-28 11:24:01',0),
	(325,841,3116946,359,2,3014096,3101309,'2019-04-01 04:20:28','2019-03-19 17:37:00',0),
	(326,274,3105545,14,2,NULL,3101309,'2019-04-01 04:49:36','2018-12-07 11:23:51',0),
	(327,274,3105545,14,2,NULL,3101309,'2019-04-01 04:49:41','2018-12-07 11:23:51',0),
	(328,6,132455,14,1,NULL,3101309,'2019-04-01 04:50:00','2018-12-06 15:47:21',0),
	(329,6,132455,14,1,NULL,3101309,'2019-04-01 04:50:03','2018-12-06 15:47:21',0),
	(330,841,3116946,359,1,3014096,3101309,'2019-04-01 04:52:28','2019-03-19 17:37:00',0),
	(331,831,3115930,359,2,3101309,3101309,'2019-04-01 04:52:33','2019-01-15 14:04:00',0),
	(332,795,3108996,266,2,3014096,3108996,'2019-04-02 04:08:11','2019-04-02 17:08:11',1),
	(333,816,3112184,100,1,3113481,3113481,'2019-04-03 21:53:31','2019-01-05 15:18:43',0),
	(334,816,3112184,100,2,3113481,3113481,'2019-04-03 21:53:35','2019-01-05 15:18:43',0),
	(335,825,3115723,348,1,3113481,3113481,'2019-04-03 21:53:45','2019-01-09 20:42:38',0),
	(336,825,3115723,348,2,3113481,3113481,'2019-04-03 21:53:50','2019-01-09 20:42:38',0),
	(337,NULL,3107382,100,2,3113481,3113481,'2019-04-03 21:54:24','2019-04-04 10:54:23',NULL),
	(338,1005,3107382,347,2,3113481,3113481,'2019-04-03 21:54:42','2019-04-04 10:54:23',0),
	(339,1005,3107382,347,1,3113481,3113481,'2019-04-03 21:54:44','2019-04-04 10:54:23',0),
	(340,1005,3107382,59,1,3113481,3107382,'2019-04-04 02:17:12','2019-04-04 10:54:23',0),
	(341,1005,3107382,59,1,3113481,3107382,'2019-04-04 04:34:15','2019-04-04 10:54:23',0),
	(342,1005,3107382,59,1,3113481,3107382,'2019-04-07 21:28:30','2019-04-04 10:54:23',0),
	(343,825,3115723,348,1,3113481,3113481,'2019-04-07 22:16:22','2019-01-09 20:42:38',0),
	(344,816,3112184,348,2,3113481,3113481,'2019-04-07 22:16:49','2019-01-05 15:18:43',0),
	(345,816,3112184,348,1,3113481,3113481,'2019-04-07 22:16:54','2019-01-05 15:18:43',0),
	(346,816,3112184,348,1,3113481,3113481,'2019-04-07 22:16:58','2019-01-05 15:18:43',0),
	(347,840,3014096,60,1,3014096,3108996,'2019-04-07 22:19:22','2019-03-08 19:37:22',0),
	(348,NULL,3107382,100,2,3113481,3113481,'2019-04-07 22:22:30','2019-04-08 11:22:29',NULL),
	(349,1006,3107382,347,2,3113481,3113481,'2019-04-07 22:22:58','2019-04-08 11:22:29',0),
	(350,1006,3107382,347,1,3113481,3113481,'2019-04-07 22:23:01','2019-04-08 11:22:29',0),
	(351,1006,3107382,59,1,3113481,3107382,'2019-04-07 23:35:57','2019-04-08 11:22:29',0),
	(352,816,3112184,348,2,3113481,3113481,'2019-04-08 00:50:44','2019-01-05 15:18:43',0),
	(353,816,3112184,348,1,3113481,3113481,'2019-04-08 00:51:33','2019-01-05 15:18:43',0),
	(354,825,3115723,348,2,3113481,3113481,'2019-04-08 00:51:38','2019-01-09 20:42:38',0),
	(355,825,3115723,348,1,3113481,3113481,'2019-04-08 00:51:43','2019-01-09 20:42:38',0),
	(356,829,3101876,351,2,3113481,3113481,'2019-04-08 02:49:01','2019-01-13 18:33:00',0),
	(357,829,3101876,351,1,3113481,3113481,'2019-04-08 02:49:02','2019-01-13 18:33:00',0),
	(358,829,3101876,351,1,3113481,3113481,'2019-04-08 02:49:06','2019-01-13 18:33:00',0),
	(359,NULL,3106995,100,2,3113481,3113481,'2019-04-08 02:50:18','2019-04-08 15:50:18',NULL),
	(360,1007,3106995,351,2,3113481,3113481,'2019-04-08 02:50:30','2019-04-08 15:50:18',0),
	(361,1007,3106995,348,2,3113481,3113481,'2019-04-08 02:51:37','2019-04-08 15:50:18',0),
	(362,812,3105813,347,1,3113481,3113481,'2019-04-08 03:56:54','2019-01-04 20:20:51',0),
	(363,812,3105813,347,1,3113481,3113481,'2019-04-08 03:57:08','2019-01-04 20:20:51',0),
	(364,NULL,3112184,100,2,3113481,3113481,'2019-04-08 04:32:01','2019-04-08 17:32:00',NULL),
	(365,1008,3112184,348,2,3113481,3113481,'2019-04-08 04:32:14','2019-04-08 17:32:00',0),
	(366,1008,3112184,348,1,3113481,3113481,'2019-04-08 04:32:16','2019-04-08 17:32:00',0),
	(367,829,3101876,348,1,3113481,3113481,'2019-04-08 04:41:50','2019-01-13 18:33:00',0),
	(368,829,3101876,348,1,3113481,3113481,'2019-04-08 04:41:51','2019-01-13 18:33:00',0),
	(369,829,3101876,348,1,3113481,3113481,'2019-04-08 04:43:57','2019-04-08 17:43:56',1),
	(370,NULL,3101876,100,2,3113481,3113481,'2019-04-08 04:45:44','2019-04-08 17:45:43',NULL),
	(371,1009,3101876,100,1,3113481,3113481,'2019-04-08 04:46:26','2019-04-08 17:45:43',0),
	(372,1006,3107382,59,1,3113481,3107382,'2019-04-08 05:04:52','2019-04-08 11:22:29',0),
	(373,1006,3107382,59,1,3113481,3107382,'2019-04-08 06:58:53','2019-04-08 11:22:29',0),
	(374,1006,3107382,59,1,3113481,3107382,'2019-04-08 23:05:41','2019-04-08 11:22:29',0),
	(375,1006,3107382,59,1,3113481,3107382,'2019-04-09 02:59:21','2019-04-08 11:22:29',0),
	(376,1006,3107382,59,1,3113481,3107382,'2019-04-09 05:13:08','2019-04-08 11:22:29',0),
	(377,1006,3107382,59,1,3113481,3107382,'2019-04-09 07:57:18','2019-04-08 11:22:29',0),
	(378,1006,3107382,59,1,3113481,3107382,'2019-04-09 23:33:54','2019-04-08 11:22:29',0),
	(379,1006,3107382,59,1,3113481,3107382,'2019-04-10 02:51:36','2019-04-08 11:22:29',0),
	(380,NULL,3014096,266,2,3014096,3014096,'2019-04-10 04:49:48','2019-04-10 17:49:48',NULL),
	(381,1006,3107382,59,1,3113481,3107382,'2019-04-10 08:12:57','2019-04-08 11:22:29',0),
	(382,1006,3107382,59,1,3113481,3107382,'2019-04-10 10:51:27','2019-04-08 11:22:29',0),
	(383,1006,3107382,59,1,3113481,3107382,'2019-04-10 23:03:32','2019-04-08 11:22:29',0),
	(384,1006,3107382,59,1,3113481,3107382,'2019-04-11 02:36:42','2019-04-08 11:22:29',0),
	(385,1006,3107382,59,1,3113481,3107382,'2019-04-11 05:41:56','2019-04-08 11:22:29',0),
	(386,1006,3107382,59,1,3113481,3107382,'2019-04-11 13:41:39','2019-04-08 11:22:29',0),
	(387,1006,3107382,59,1,3113481,3107382,'2019-04-12 02:48:29','2019-04-08 11:22:29',0),
	(388,1006,3107382,59,1,3113481,3107382,'2019-04-12 03:50:24','2019-04-08 11:22:29',0),
	(389,1006,3107382,59,1,3113481,3107382,'2019-04-12 06:22:33','2019-04-08 11:22:29',0),
	(390,812,3105813,347,1,3113481,3113481,'2019-04-22 02:10:00','2019-01-04 20:20:51',0),
	(391,812,3105813,347,2,3113481,3113481,'2019-04-22 02:10:05','2019-01-04 20:20:51',0),
	(392,812,3105813,347,2,3113481,3113481,'2019-04-22 02:10:09','2019-01-04 20:20:51',0),
	(393,NULL,3106995,100,2,3113481,3113481,'2019-04-22 03:41:35','2019-04-22 16:41:35',NULL),
	(394,NULL,3127893,100,2,3014102,3014102,'2019-04-24 01:27:48','2019-04-24 14:27:48',NULL),
	(395,NULL,3127896,100,2,3014102,3014102,'2019-04-24 01:29:38','2019-04-24 14:29:37',NULL),
	(396,NULL,3014096,59,2,3014096,3014096,'2019-04-24 02:35:34','2019-04-24 15:35:33',NULL),
	(397,NULL,3014096,60,2,3015794,3015794,'2019-04-25 21:02:06','2019-04-26 10:02:05',NULL),
	(398,NULL,3014096,59,2,3015794,3015794,'2019-04-25 21:11:03','2019-04-26 10:11:02',NULL),
	(399,NULL,3014096,60,2,3015794,3015794,'2019-04-25 21:12:46','2019-04-26 10:12:45',NULL),
	(400,NULL,3014096,59,2,3015794,3015794,'2019-04-25 21:26:01','2019-04-26 10:26:01',NULL),
	(401,NULL,3014096,60,2,3015794,3015794,'2019-04-25 21:43:32','2019-04-26 10:43:32',NULL),
	(402,NULL,3014096,59,2,3015794,3015794,'2019-04-25 21:44:16','2019-04-26 10:44:15',NULL),
	(403,798,3015794,365,1,3014096,3101309,'2019-04-29 03:21:01','2018-12-22 12:01:41',0),
	(404,798,3015794,3,1,3014096,3101309,'2019-04-29 03:38:04','2018-12-22 12:01:41',0),
	(405,790,3109095,365,2,3014096,3101309,'2019-04-29 03:50:43','2018-12-22 11:46:31',0),
	(406,790,3109095,3,2,3014096,3101309,'2019-04-29 03:57:46','2018-12-22 11:46:31',0),
	(407,790,3109095,266,2,3014096,3101309,'2019-04-29 04:11:20','2018-12-22 11:46:31',0),
	(408,798,3015794,332,1,3014096,3101309,'2019-04-29 04:11:49','2019-04-29 16:55:21',0),
	(409,798,3015794,266,1,3014096,3101309,'2019-04-29 04:12:19','2019-04-29 16:55:21',0),
	(410,798,3015794,332,1,3014096,3101309,'2019-04-29 04:24:59','2019-04-29 16:55:21',0),
	(411,798,3015794,266,1,3014096,3101309,'2019-04-29 04:25:02','2019-04-29 16:55:21',0),
	(412,798,3015794,345,1,3014096,3101309,'2019-04-29 04:25:11','2019-04-29 16:55:21',0),
	(413,798,3015794,365,1,3014096,3101309,'2019-04-29 07:35:08','2019-04-29 16:55:21',0),
	(414,798,3015794,345,1,3014096,3101309,'2019-04-29 07:35:52','2019-04-29 16:55:21',0),
	(415,798,3015794,266,1,3014096,3101309,'2019-04-29 08:27:03','2019-04-29 16:55:21',0),
	(416,790,3109095,332,2,3014096,3101309,'2019-04-29 08:27:27','2018-12-22 11:46:31',0),
	(417,798,3015794,331,1,3014096,3101309,'2019-04-29 10:01:33','2019-04-29 16:55:21',0),
	(418,NULL,3101876,266,2,3113481,3113481,'2019-04-30 02:31:58','2019-04-30 15:31:57',NULL),
	(419,NULL,3106995,266,2,3113481,3113481,'2019-04-30 02:32:50','2019-04-30 15:32:50',NULL),
	(420,NULL,3112184,266,2,3113481,3113481,'2019-04-30 02:33:00','2019-04-30 15:33:00',NULL),
	(421,NULL,3115723,266,2,3113481,3113481,'2019-04-30 02:33:21','2019-04-30 15:33:20',NULL),
	(422,1021,3101876,266,1,3113481,3113481,'2019-05-05 01:29:08','2019-04-30 15:31:57',0),
	(423,1021,3101876,266,1,3113481,3113481,'2019-05-05 01:29:13','2019-04-30 15:31:57',0),
	(424,NULL,3101876,59,2,3113481,3113481,'2019-05-05 01:30:20','2019-05-05 14:30:20',NULL),
	(425,1025,3101876,59,1,3113481,3113481,'2019-05-05 01:30:34','2019-05-05 14:30:20',0),
	(426,1025,3101876,59,1,3113481,3113481,'2019-05-05 01:30:47','2019-05-05 14:30:20',0),
	(427,NULL,3134544,59,2,3101309,3101309,'2019-05-05 02:38:02','2019-05-05 15:38:01',NULL),
	(428,NULL,3135970,366,2,3014096,3014096,'2019-05-07 02:23:54','2019-05-07 15:23:53',NULL),
	(429,NULL,3135970,60,2,3014096,3014096,'2019-05-07 02:39:27','2019-05-07 15:39:26',NULL),
	(430,1020,3014096,59,1,3015794,3108996,'2019-05-09 22:24:49','2019-04-26 10:44:15',0),
	(431,1020,3014096,59,1,3015794,3108996,'2019-05-09 22:24:53','2019-04-26 10:44:15',0),
	(432,804,3112979,266,2,3014096,3108996,'2019-05-14 22:04:11','2019-05-15 11:04:10',1),
	(433,794,3106611,331,2,3014096,3101309,'2019-05-15 02:54:30','2018-12-22 11:56:21',0),
	(434,272,3014520,59,2,NULL,3108996,'2019-05-15 04:08:32','2019-05-15 17:08:31',1),
	(435,275,3104588,59,2,NULL,3108996,'2019-05-15 04:41:56','2019-05-15 17:41:56',1),
	(436,294,3104588,62,2,NULL,3108996,'2019-05-15 04:41:56','2019-05-15 17:41:56',1),
	(437,312,3104588,64,2,NULL,3108996,'2019-05-15 04:41:56','2019-05-15 17:41:56',1),
	(438,330,3104588,66,2,NULL,3108996,'2019-05-15 04:41:56','2019-05-15 17:41:56',1),
	(439,346,3104588,67,2,NULL,3108996,'2019-05-15 04:41:56','2019-05-15 17:41:56',1),
	(440,362,3104588,68,2,NULL,3108996,'2019-05-15 04:41:56','2019-05-15 17:41:56',1),
	(441,379,3104588,71,2,NULL,3108996,'2019-05-15 04:41:56','2019-05-15 17:41:56',1),
	(442,397,3104588,73,2,NULL,3108996,'2019-05-15 04:41:56','2019-05-15 17:41:56',1),
	(443,413,3104588,74,2,NULL,3108996,'2019-05-15 04:41:57','2019-05-15 17:41:56',1),
	(444,429,3104588,75,2,NULL,3108996,'2019-05-15 04:41:57','2019-05-15 17:41:56',1),
	(445,445,3104588,76,2,NULL,3108996,'2019-05-15 04:41:57','2019-05-15 17:41:56',1),
	(446,464,3104588,81,2,NULL,3108996,'2019-05-15 04:41:57','2019-05-15 17:41:56',1),
	(447,485,3104588,85,2,NULL,3108996,'2019-05-15 04:41:57','2019-05-15 17:41:56',1),
	(448,501,3104588,86,2,NULL,3108996,'2019-05-15 04:41:57','2019-05-15 17:41:56',1),
	(449,521,3104588,90,2,NULL,3108996,'2019-05-15 04:41:57','2019-05-15 17:41:56',1),
	(450,542,3104588,96,2,NULL,3108996,'2019-05-15 04:41:57','2019-05-15 17:41:56',1),
	(451,666,3104588,274,2,NULL,3108996,'2019-05-15 04:41:57','2019-05-15 17:41:56',1),
	(452,1025,3101876,59,1,3113481,3108996,'2019-05-15 04:46:22','2019-05-15 17:46:22',1),
	(453,6,132455,104,1,NULL,3114911,'2019-05-15 07:11:14','2018-12-06 15:47:21',0),
	(454,6,132455,104,1,NULL,3114911,'2019-05-15 07:11:16','2018-12-06 15:47:21',0),
	(455,832,3098181,59,2,3105890,3108996,'2019-05-15 21:17:03','2019-05-16 10:17:03',1),
	(456,1006,3107382,59,1,3113481,3107382,'2019-05-15 21:35:35','2019-04-08 11:22:29',0),
	(457,647,3109094,331,1,NULL,3114911,'2019-05-15 23:45:59','2018-12-05 16:04:41',0),
	(458,647,3109094,331,1,NULL,3114911,'2019-05-15 23:46:11','2018-12-05 16:04:41',0),
	(459,793,159518,331,2,3014096,3114911,'2019-05-15 23:46:42','2018-12-22 11:51:47',0),
	(460,793,159518,331,2,3014096,3114911,'2019-05-15 23:46:54','2018-12-22 11:51:47',0),
	(461,NULL,3101876,266,2,3113481,3113481,'2019-05-16 01:53:53','2019-05-16 14:53:52',NULL),
	(462,797,3115083,345,2,3014096,3114911,'2019-05-16 01:57:37','2018-12-22 12:00:47',0),
	(463,797,3115083,345,2,3014096,3114911,'2019-05-16 01:57:45','2018-12-22 12:00:47',0),
	(464,NULL,3014773,59,2,3015794,3015794,'2019-05-16 02:03:07','2019-05-16 15:03:06',NULL),
	(465,830,3115414,104,2,3115414,3114911,'2019-05-16 02:31:44','2019-01-14 17:56:56',0),
	(466,830,3115414,104,2,3115414,3114911,'2019-05-16 02:31:45','2019-01-14 17:56:56',0),
	(467,1026,3134544,21,2,3101309,3114911,'2019-05-16 02:41:14','2019-05-05 15:38:01',0),
	(468,1026,3134544,21,2,3101309,3114911,'2019-05-16 02:41:17','2019-05-05 15:38:01',0),
	(469,1028,3135970,342,2,3014096,3114911,'2019-05-16 03:19:08','2019-05-07 15:39:26',0),
	(470,1028,3135970,343,2,3014096,3114911,'2019-05-16 03:20:48','2019-05-07 15:39:26',0),
	(471,1028,3135970,343,2,3014096,3114911,'2019-05-16 03:20:52','2019-05-07 15:39:26',0),
	(472,1028,3135970,342,2,3014096,3114911,'2019-05-16 03:21:18','2019-05-07 15:39:26',0),
	(473,1028,3135970,343,2,3014096,3114911,'2019-05-16 03:22:39','2019-05-07 15:39:26',0),
	(474,1028,3135970,343,2,3014096,3114911,'2019-05-16 03:22:42','2019-05-07 15:39:26',0),
	(475,1028,3135970,60,2,3014096,3114911,'2019-05-16 03:23:14','2019-05-07 15:39:26',0),
	(476,1028,3135970,60,2,3014096,3114911,'2019-05-16 03:23:18','2019-05-07 15:39:26',0),
	(477,1028,3135970,343,2,3014096,3114911,'2019-05-16 03:23:38','2019-05-07 15:39:26',0),
	(478,1028,3135970,343,2,3014096,3114911,'2019-05-16 03:23:43','2019-05-07 15:39:26',0),
	(479,1028,3135970,343,2,3014096,3114911,'2019-05-16 03:23:48','2019-05-07 15:39:26',0),
	(480,NULL,3014467,92,2,3114911,3114911,'2019-05-16 03:25:25','2019-05-16 16:25:25',NULL),
	(481,1031,3014467,386,2,3114911,3114911,'2019-05-16 03:25:47','2019-05-16 16:25:25',0),
	(482,1031,3014467,386,2,3114911,3114911,'2019-05-16 03:25:50','2019-05-16 16:25:25',0),
	(483,1020,3014096,297,1,3015794,3114911,'2019-05-16 03:27:54','2019-04-26 10:44:15',0),
	(484,1020,3014096,297,1,3015794,3114911,'2019-05-16 03:27:55','2019-04-26 10:44:15',0),
	(485,1020,3014096,59,1,3015794,3114911,'2019-05-16 03:28:48','2019-04-26 10:44:15',0),
	(486,1020,3014096,59,1,3015794,3114911,'2019-05-16 03:28:49','2019-04-26 10:44:15',0),
	(487,1004,3105890,14,2,3105890,3114911,'2019-05-16 04:33:19','2019-03-28 11:24:01',0),
	(488,1004,3105890,14,2,3105890,3114911,'2019-05-16 04:33:22','2019-03-28 11:24:01',0),
	(489,1029,3101876,266,1,3113481,3113481,'2019-05-16 06:18:25','2019-05-16 14:53:52',0),
	(490,1029,3101876,266,1,3113481,3113481,'2019-05-16 06:18:29','2019-05-16 14:53:52',0),
	(491,1031,3014467,386,2,3114911,3014096,'2019-05-16 06:38:37','2019-05-16 19:38:36',1),
	(492,NULL,3142155,266,2,2410097,2410097,'2019-05-16 22:24:41','2019-05-17 11:24:40',NULL),
	(493,830,3115414,104,2,3115414,3114911,'2019-05-16 22:31:25','2019-05-17 11:31:25',1),
	(494,6,132455,104,1,NULL,3114911,'2019-05-16 22:32:46','2019-05-17 11:32:45',1),
	(495,NULL,132455,59,2,3114911,3114911,'2019-05-16 22:35:08','2019-05-17 11:35:08',NULL),
	(496,NULL,3142348,59,2,3014096,3014096,'2019-05-17 01:46:30','2019-05-17 14:46:29',NULL),
	(497,1034,3142348,297,2,3014096,3114911,'2019-05-17 01:54:40','2019-05-17 14:46:29',0),
	(498,1034,3142348,297,2,3014096,3114911,'2019-05-17 01:54:42','2019-05-17 14:46:29',0),
	(499,1034,3142348,297,2,3014096,3114911,'2019-05-17 01:56:30','2019-05-17 14:46:29',0),
	(500,1034,3142348,59,2,3014096,3114911,'2019-05-17 02:09:52','2019-05-17 14:46:29',0),
	(501,1034,3142348,59,2,3014096,3114911,'2019-05-17 02:09:55','2019-05-17 14:46:29',0),
	(502,NULL,3142368,59,2,3108996,3108996,'2019-05-17 02:13:22','2019-05-17 15:13:21',NULL),
	(503,1034,3142348,59,2,3014096,3114911,'2019-05-17 02:15:07','2019-05-17 15:15:06',1),
	(504,NULL,3142396,59,2,3108996,3108996,'2019-05-17 02:39:28','2019-05-17 15:39:27',NULL),
	(505,1036,3142396,59,2,3108996,3108996,'2019-05-17 02:39:43','2019-05-17 15:39:43',1),
	(506,NULL,3142404,59,2,3108996,3108996,'2019-05-17 02:51:08','2019-05-17 15:51:07',NULL),
	(507,1037,3142404,59,2,3108996,3108996,'2019-05-17 02:51:23','2019-05-17 15:51:22',1),
	(508,1035,3142368,59,2,3108996,3108996,'2019-05-17 03:34:09','2019-05-17 16:34:08',1),
	(509,1022,3106995,331,2,3113481,3113481,'2019-05-17 03:54:24','2019-04-30 15:32:50',0),
	(510,1022,3106995,331,1,3113481,3113481,'2019-05-17 03:54:26','2019-04-30 15:32:50',0),
	(511,1022,3106995,331,1,3113481,3113481,'2019-05-17 03:54:31','2019-04-30 15:32:50',0),
	(512,NULL,3111894,266,2,3014096,3014096,'2019-05-20 04:32:37','2019-05-20 17:32:37',NULL),
	(513,1038,3111894,266,2,3014096,3014096,'2019-05-20 04:34:41','2019-05-20 17:34:40',1),
	(514,NULL,3111894,394,2,3101309,3101309,'2019-05-20 04:41:45','2019-05-20 17:41:44',NULL),
	(515,1039,3111894,394,2,3101309,3014096,'2019-05-20 04:43:00','2019-05-20 17:42:59',1),
	(516,NULL,3111894,394,2,3101309,3101309,'2019-05-20 04:44:04','2019-05-20 17:44:03',NULL);

/*!40000 ALTER TABLE `staff2dep_log` ENABLE KEYS */;
UNLOCK TABLES;


# Dump of table t_dep
# ------------------------------------------------------------

DROP TABLE IF EXISTS `t_dep`;

CREATE TABLE `t_dep` (
  `dep_id` bigint(20) NOT NULL AUTO_INCREMENT COMMENT '组织部门id',
  `dep_name` varchar(32) DEFAULT NULL COMMENT '组织部门名',
  `org_id` bigint(20) DEFAULT NULL COMMENT '城市公司id,只有level=1有',
  `parent_dep_id` bigint(20) NOT NULL DEFAULT '0' COMMENT '上一级组织部门id（如果已经是最高级这个值就是0)',
  `level` int(8) NOT NULL DEFAULT '1' COMMENT '组织类别：1公司 2军区，3战区',
  `create_operator_id` bigint(20) DEFAULT NULL COMMENT '操作人id',
  `update_operator_id` bigint(20) DEFAULT NULL COMMENT '更新人id',
  `create_time` timestamp NULL DEFAULT NULL ON UPDATE CURRENT_TIMESTAMP COMMENT '创建时间',
  `update_time` timestamp NULL DEFAULT CURRENT_TIMESTAMP ON UPDATE CURRENT_TIMESTAMP COMMENT '更新时间',
  `is_deleted` int(8) NOT NULL DEFAULT '0' COMMENT '是否删除0否，1是',
  PRIMARY KEY (`dep_id`),
  KEY `IDX_parent_id` (`parent_dep_id`) USING BTREE
) ENGINE=InnoDB DEFAULT CHARSET=utf8mb4 COMMENT='部门信息';

LOCK TABLES `t_dep` WRITE;
/*!40000 ALTER TABLE `t_dep` DISABLE KEYS */;

INSERT INTO `t_dep` (`dep_id`, `dep_name`, `org_id`, `parent_dep_id`, `level`, `create_operator_id`, `update_operator_id`, `create_time`, `update_time`, `is_deleted`)
VALUES
	(1,'城市公司Xbbss',10229,0,1,NULL,NULL,'2019-03-19 17:11:19','2019-03-19 17:11:19',0),
	(2,'军区1',NULL,1,2,NULL,NULL,NULL,'2018-11-22 10:30:24',0),
	(3,'军区2',NULL,1,2,NULL,NULL,NULL,'2018-11-22 10:30:45',0),
	(4,'战区11',NULL,2,3,NULL,NULL,NULL,'2018-11-22 10:31:01',0),
	(5,'战区12',NULL,2,3,NULL,NULL,NULL,'2018-11-22 10:31:14',0),
	(6,'战区21',NULL,3,3,NULL,NULL,NULL,'2018-11-22 10:31:35',0),
	(7,'战区22',NULL,3,3,NULL,NULL,NULL,'2018-11-22 10:31:47',0),
	(8,'点区23',NULL,3,3,NULL,NULL,NULL,'2018-11-22 10:31:58',0),
	(9,'城市公司2',2,0,1,NULL,NULL,NULL,'2018-12-03 11:34:11',0),
	(11,'军区212',NULL,59,2,NULL,3101309,'2018-12-07 11:23:51','2018-12-07 11:23:51',1),
	(12,'军区22',NULL,9,2,NULL,NULL,NULL,'2018-12-03 12:00:18',0),
	(13,'军区31',NULL,10,2,NULL,NULL,NULL,'2018-11-23 11:27:56',0),
	(14,'军区32',NULL,59,2,NULL,NULL,NULL,'2018-11-30 14:36:52',0),
	(15,'军区33',NULL,10,2,NULL,NULL,NULL,'2018-11-23 11:28:14',0),
	(16,'战区211',NULL,11,3,NULL,3114911,'2018-12-06 20:51:31','2018-12-06 20:51:31',1),
	(17,'战区212',NULL,11,3,NULL,NULL,NULL,'2018-11-23 11:30:46',0),
	(18,'战区221',NULL,12,3,NULL,NULL,'2018-12-06 14:48:05','2018-12-06 14:48:05',0),
	(19,'战区222',NULL,12,3,NULL,NULL,NULL,'2018-11-23 11:30:49',0),
	(20,'战区311',NULL,13,3,NULL,NULL,NULL,'2018-11-23 11:30:51',0),
	(21,'战区321',NULL,14,3,NULL,NULL,NULL,'2018-11-23 11:30:52',0),
	(22,'战区331',NULL,15,3,NULL,NULL,NULL,'2018-11-23 11:30:53',0),
	(23,'战区213',NULL,11,3,NULL,NULL,NULL,'2018-11-26 15:25:19',0),
	(56,NULL,9797979,0,1,235345,235345,'2018-11-28 23:33:15','2018-11-29 13:33:23',0),
	(59,NULL,4,0,1,3108996,NULL,'2018-11-29 20:36:13','2018-11-30 10:36:12',0),
	(60,NULL,5,0,1,3108996,NULL,NULL,'2018-11-30 14:34:51',0),
	(61,NULL,95161,0,1,3108996,NULL,NULL,'2018-11-30 14:35:29',0),
	(62,NULL,4,0,1,5345,NULL,'2018-11-30 00:59:43','2018-11-30 14:59:42',0),
	(63,NULL,5,0,1,5345,NULL,'2018-11-30 00:59:43','2018-11-30 14:59:42',0),
	(64,NULL,4,0,1,3108996,NULL,'2018-11-30 01:23:08','2018-11-30 15:23:08',0),
	(65,NULL,5,0,1,3108996,NULL,'2018-11-30 01:23:08','2018-11-30 15:23:08',0),
	(66,NULL,4,0,1,3014096,NULL,'2018-11-30 03:09:50','2018-11-30 17:09:50',0),
	(67,NULL,4,0,1,3014096,NULL,'2018-11-30 03:13:10','2018-11-30 17:13:09',0),
	(68,NULL,4,0,1,3014096,NULL,'2018-11-30 03:37:11','2018-11-30 17:37:10',0),
	(69,NULL,109,0,1,3014096,NULL,'2018-11-30 03:37:11','2018-11-30 17:37:10',0),
	(70,NULL,111,0,1,3014096,NULL,'2018-11-30 03:37:11','2018-11-30 17:37:10',0),
	(71,NULL,4,0,1,3108996,NULL,'2018-11-30 03:43:22','2018-11-30 17:43:22',0),
	(72,NULL,5,0,1,3108996,NULL,'2018-11-30 03:43:22','2018-11-30 17:43:22',0),
	(73,NULL,4,0,1,3014096,NULL,'2018-12-02 20:27:53','2018-12-03 10:27:53',0),
	(74,NULL,4,0,1,3014096,NULL,'2018-12-02 20:27:53','2018-12-03 10:27:53',0),
	(75,NULL,4,0,1,3014096,NULL,'2018-12-02 20:28:36','2018-12-03 10:28:35',0),
	(76,NULL,4,0,1,3014096,NULL,'2018-12-02 21:09:00','2018-12-03 11:09:00',0),
	(77,NULL,78,0,1,3014096,NULL,'2018-12-02 21:09:00','2018-12-03 11:09:00',0),
	(78,NULL,109,0,1,3014096,NULL,'2018-12-02 21:09:00','2018-12-03 11:09:00',0),
	(79,NULL,111,0,1,3014096,NULL,'2018-12-02 21:09:00','2018-12-03 11:09:00',0),
	(80,NULL,24278,0,1,3014096,NULL,'2018-12-02 21:09:00','2018-12-03 11:09:00',0),
	(81,NULL,4,0,1,3014096,NULL,'2018-12-02 21:09:38','2018-12-03 11:09:38',0),
	(82,NULL,78,0,1,3014096,NULL,'2018-12-02 21:09:38','2018-12-03 11:09:38',0),
	(83,NULL,109,0,1,3014096,NULL,'2018-12-02 21:09:38','2018-12-03 11:09:38',0),
	(84,NULL,78,0,1,3108996,NULL,'2018-12-02 21:45:49','2018-12-03 11:45:48',0),
	(85,NULL,4,0,1,3015794,NULL,'2018-12-03 00:02:02','2018-12-03 14:02:01',0),
	(86,NULL,4,0,1,3014096,NULL,'2018-12-03 00:06:15','2018-12-03 14:06:15',0),
	(87,NULL,5,0,1,3014096,NULL,'2018-12-03 00:06:15','2018-12-03 14:06:15',0),
	(88,NULL,78,0,1,3014096,NULL,'2018-12-03 00:06:15','2018-12-03 14:06:15',0),
	(90,NULL,4,0,1,3014096,NULL,'2018-12-03 00:31:41','2018-12-03 14:31:40',0),
	(91,NULL,5,0,1,3014096,NULL,'2018-12-03 00:31:41','2018-12-03 14:31:40',0),
	(92,NULL,7,0,1,3014096,NULL,'2018-12-03 00:31:41','2018-12-03 14:31:40',0),
	(93,NULL,78,0,1,3014096,NULL,'2018-12-03 00:31:41','2018-12-03 14:31:40',0),
	(94,NULL,109,0,1,3014102,NULL,'2018-12-03 01:27:15','2018-12-03 15:27:15',0),
	(95,NULL,54583,0,1,3101309,NULL,'2018-12-03 01:27:28','2018-12-03 15:27:27',0),
	(96,NULL,4,0,1,3014096,NULL,'2018-12-03 01:44:54','2018-12-03 15:44:53',0),
	(97,NULL,5,0,1,3014096,NULL,'2018-12-03 01:44:54','2018-12-03 15:44:53',0),
	(98,NULL,7,0,1,3014096,NULL,'2018-12-03 01:44:54','2018-12-03 15:44:53',0),
	(99,NULL,65357,0,1,3101309,NULL,'2018-12-03 01:46:01','2018-12-03 15:46:01',0),
	(100,NULL,94937,0,1,3101309,NULL,'2018-12-03 20:14:33','2018-12-04 10:14:33',0),
	(101,'军区9',NULL,56,2,3101309,NULL,'2018-12-04 05:36:13','2018-12-05 09:43:25',0),
	(102,'军区9',NULL,56,2,3101309,NULL,'2018-12-04 05:53:41','2018-12-05 09:43:28',0),
	(103,'军区9',NULL,59,2,3101309,3101309,'2018-12-04 06:13:57','2018-12-05 10:04:33',0),
	(104,'战区91',NULL,103,3,3101309,NULL,'2018-12-04 06:26:31','2018-12-04 20:26:30',0),
	(105,'军区9',NULL,59,2,3101309,3101309,'2018-12-04 06:27:53','2018-12-04 20:47:35',1),
	(106,'军区7',NULL,59,2,3101309,3101309,'2018-12-04 06:50:22','2018-12-04 20:54:27',1),
	(234,NULL,10229,0,1,NULL,NULL,NULL,'2018-12-05 16:04:28',0),
	(235,NULL,10117,0,1,NULL,NULL,NULL,'2018-12-05 16:04:28',0),
	(236,NULL,10362,0,1,NULL,NULL,NULL,'2018-12-05 16:04:28',0),
	(237,NULL,10046,0,1,NULL,NULL,NULL,'2018-12-05 16:04:28',0),
	(238,NULL,10136,0,1,NULL,NULL,NULL,'2018-12-05 16:04:28',0),
	(239,NULL,15,0,1,NULL,NULL,NULL,'2018-12-05 16:04:28',0),
	(240,NULL,10178,0,1,NULL,NULL,NULL,'2018-12-05 16:04:28',0),
	(241,NULL,10057,0,1,NULL,NULL,NULL,'2018-12-05 16:04:28',0),
	(242,NULL,10044,0,1,NULL,NULL,NULL,'2018-12-05 16:04:28',0),
	(243,NULL,10244,0,1,NULL,NULL,NULL,'2018-12-05 16:04:28',0),
	(244,NULL,27,0,1,NULL,NULL,NULL,'2018-12-05 16:04:28',0),
	(245,NULL,10095,0,1,NULL,NULL,NULL,'2018-12-05 16:04:28',0),
	(246,NULL,5,0,1,NULL,NULL,NULL,'2018-12-05 16:04:28',0),
	(247,NULL,10137,0,1,NULL,NULL,NULL,'2018-12-05 16:04:28',0),
	(248,NULL,24,0,1,NULL,NULL,NULL,'2018-12-05 16:04:28',0),
	(249,NULL,10373,0,1,NULL,NULL,NULL,'2018-12-05 16:04:28',0),
	(250,NULL,10103,0,1,NULL,NULL,NULL,'2018-12-05 16:04:28',0),
	(251,NULL,10146,0,1,NULL,NULL,NULL,'2018-12-05 16:04:28',0),
	(252,NULL,10131,0,1,NULL,NULL,NULL,'2018-12-05 16:04:28',0),
	(253,NULL,10222,0,1,NULL,NULL,NULL,'2018-12-05 16:04:28',0),
	(254,NULL,10086,0,1,NULL,NULL,NULL,'2018-12-05 16:04:28',0),
	(255,NULL,10112,0,1,NULL,NULL,NULL,'2018-12-05 16:04:28',0),
	(256,NULL,10592,0,1,NULL,NULL,NULL,'2018-12-05 16:04:28',0),
	(257,NULL,20,0,1,NULL,NULL,NULL,'2018-12-05 16:04:28',0),
	(258,NULL,10606,0,1,NULL,NULL,NULL,'2018-12-05 16:04:28',0),
	(259,NULL,23,0,1,NULL,NULL,NULL,'2018-12-05 16:04:28',0),
	(260,NULL,10376,0,1,NULL,NULL,NULL,'2018-12-05 16:04:28',0),
	(261,NULL,10084,0,1,NULL,NULL,NULL,'2018-12-05 16:04:28',0),
	(262,NULL,10204,0,1,NULL,NULL,NULL,'2018-12-05 16:04:28',0),
	(263,NULL,10059,0,1,NULL,NULL,NULL,'2018-12-05 16:04:28',0),
	(264,NULL,10599,0,1,NULL,NULL,NULL,'2018-12-05 16:04:28',0),
	(265,NULL,10043,0,1,NULL,NULL,NULL,'2018-12-05 16:04:28',0),
	(266,NULL,3,0,1,NULL,NULL,NULL,'2018-12-05 16:04:28',0),
	(267,NULL,10172,0,1,NULL,NULL,NULL,'2018-12-05 16:04:28',0),
	(268,NULL,48,0,1,NULL,NULL,NULL,'2018-12-05 16:04:28',0),
	(269,NULL,10309,0,1,NULL,NULL,NULL,'2018-12-05 16:04:28',0),
	(270,NULL,10045,0,1,NULL,NULL,NULL,'2018-12-05 16:04:28',0),
	(271,NULL,10271,0,1,NULL,NULL,NULL,'2018-12-05 16:04:28',0),
	(272,NULL,10274,0,1,NULL,NULL,NULL,'2018-12-05 16:04:28',0),
	(273,NULL,10067,0,1,NULL,NULL,NULL,'2018-12-05 16:04:28',0),
	(274,NULL,4,0,1,NULL,NULL,NULL,'2018-12-05 16:04:28',0),
	(275,NULL,95074,0,1,NULL,NULL,NULL,'2018-12-05 16:04:28',0),
	(276,NULL,95161,0,1,NULL,NULL,NULL,'2018-12-05 16:04:28',0),
	(277,NULL,78,0,1,NULL,NULL,NULL,'2018-12-05 16:04:28',0),
	(278,NULL,109,0,1,NULL,NULL,NULL,'2018-12-05 16:04:28',0),
	(279,NULL,95167,0,1,NULL,NULL,NULL,'2018-12-05 16:04:28',0),
	(297,'军区10',4,59,2,3101309,NULL,'2018-12-06 00:46:21','2018-12-06 14:46:21',0),
	(298,'军区11',4,59,2,3101309,3101309,'2018-12-07 09:59:08','2018-12-07 09:59:08',1),
	(299,'战区322',NULL,14,3,3101309,NULL,'2018-12-06 01:16:26','2018-12-06 15:16:25',0),
	(300,'战区333',NULL,14,3,3101309,NULL,'2018-12-06 01:16:35','2018-12-06 15:16:35',0),
	(301,'战区-商服子部门',78,77,2,3114911,NULL,'2018-12-06 01:17:55','2018-12-06 15:17:55',0),
	(302,'战区-商服子子部门',78,301,3,3114911,NULL,'2018-12-06 01:31:25','2018-12-06 15:31:24',0),
	(303,'战区商服子子子部门',78,301,3,3114911,3114911,'2019-03-27 17:58:42','2019-03-27 17:58:42',0),
	(304,'a',109,69,2,3014102,3014102,'2018-12-06 15:51:19','2018-12-06 15:51:19',0),
	(305,'b',109,69,2,3014102,3014102,'2018-12-06 15:51:03','2018-12-06 15:51:03',0),
	(306,'b11',109,305,3,3014102,NULL,'2018-12-06 01:50:48','2018-12-06 15:50:47',0),
	(307,'测试自营部门1',3,266,2,3114911,3101309,'2018-12-08 11:26:37','2018-12-08 11:26:37',1),
	(308,'测试自营部门2211呀',3,307,3,3114911,3114911,'2018-12-06 18:09:09','2018-12-06 18:09:09',1),
	(309,'军区测试啊',4,59,2,3114911,3114911,'2018-12-06 20:21:03','2018-12-06 20:21:03',1),
	(310,'军区测试啊1部门',4,309,3,3114911,NULL,'2018-12-06 06:20:13','2018-12-06 20:20:13',0),
	(311,'军区测试啊2部门',4,309,3,3114911,3114911,'2018-12-06 20:20:47','2018-12-06 20:20:47',1),
	(312,'测试军区一级部门',4,59,2,3114911,3114911,'2018-12-06 20:22:15','2018-12-06 20:22:15',1),
	(313,'测试军区二级部门',4,312,3,3114911,3114911,'2018-12-06 20:22:04','2018-12-06 20:22:04',1),
	(314,'测试军区一级部门',NULL,0,3,3114911,NULL,'2018-12-06 06:22:44','2018-12-06 20:22:44',0),
	(315,'测试啊啊啊',NULL,0,3,3114911,NULL,'2018-12-06 06:22:57','2018-12-06 20:22:57',0),
	(316,'测试军区一级部门',4,59,2,3114911,3114911,'2018-12-06 20:25:33','2018-12-06 20:25:33',1),
	(317,'测试军区二级部门',4,316,3,3114911,3114911,'2018-12-06 20:25:20','2018-12-06 20:25:20',1),
	(318,'测试军区一级部门2',4,59,2,3114911,3101309,'2018-12-07 17:41:38','2018-12-07 17:41:38',0),
	(319,'小小欣欣啊的测试商户子部门1',95074,275,2,3114911,3114911,'2018-12-07 11:16:25','2018-12-07 11:16:25',1),
	(320,'啊哈小小欣欣啊的测试商户子部门2',95074,319,3,3114911,NULL,'2018-12-06 20:38:05','2018-12-07 10:38:04',0),
	(321,'子部门1',95074,275,2,3114911,3114911,'2018-12-07 11:18:02','2018-12-07 11:18:02',1),
	(322,'子部门2',95074,321,3,3114911,NULL,'2018-12-06 21:17:22','2018-12-07 11:17:22',0),
	(323,'子部门1',95074,275,2,3114911,3114911,'2018-12-07 11:19:35','2018-12-07 11:19:35',1),
	(324,'子部门2',95074,323,3,3114911,NULL,'2018-12-06 21:18:30','2018-12-07 11:18:30',0),
	(325,'子部门1',95074,275,2,3114911,NULL,'2018-12-06 21:19:44','2018-12-07 11:19:44',0),
	(326,'子部门2',95074,275,2,3114911,NULL,'2018-12-06 21:19:53','2018-12-07 11:19:52',0),
	(327,'子部门11',95074,325,3,3114911,3114911,'2018-12-07 11:21:35','2018-12-07 11:21:35',1),
	(328,'子部门11',95074,325,3,3114911,3114911,'2018-12-07 11:22:03','2018-12-07 11:22:03',1),
	(329,'战区322',NULL,14,3,3101309,NULL,'2018-12-06 21:39:09','2018-12-07 11:39:08',0),
	(330,'1111111111',3,266,2,3114911,3114911,'2018-12-07 11:52:02','2018-12-07 11:52:02',1),
	(331,'1111111111',3,266,2,3114911,NULL,'2018-12-06 21:53:00','2018-12-07 11:53:00',0),
	(332,'2222222222',3,331,3,3114911,NULL,'2018-12-06 21:53:21','2018-12-07 11:53:20',0),
	(333,'部门X',4,59,2,3101309,3101309,'2018-12-07 15:43:14','2018-12-07 15:43:14',1),
	(334,'部门X',4,59,2,3101309,3101309,'2018-12-07 15:45:03','2018-12-07 15:45:03',1),
	(335,'部门XX',4,334,3,3101309,3101309,'2018-12-07 15:44:10','2018-12-07 15:44:10',1),
	(336,'部门XX',4,334,3,3101309,3101309,'2018-12-07 15:44:56','2018-12-07 15:44:56',1),
	(337,'部门X',4,59,2,3101309,3101309,'2018-12-07 16:20:24','2018-12-07 16:20:24',1),
	(338,'部门xx',4,337,3,3101309,3101309,'2018-12-07 16:20:19','2018-12-07 16:20:19',1),
	(339,'部门yy',4,337,3,3101309,NULL,'2018-12-07 02:18:00','2018-12-07 16:18:00',0),
	(340,'部门zz',4,337,3,3101309,NULL,'2018-12-07 02:18:55','2018-12-07 16:18:55',0),
	(341,'不代表你的',3,307,3,3101309,NULL,'2018-12-07 21:25:44','2018-12-08 11:25:43',0),
	(342,'CCCC',5,60,2,3101309,NULL,'2018-12-07 21:57:47','2018-12-08 11:57:47',0),
	(343,'YYYY',5,342,3,3101309,NULL,'2018-12-07 22:06:36','2018-12-08 12:06:36',0),
	(344,'战区322',NULL,14,3,3101309,NULL,'2018-12-12 00:19:31','2018-12-12 14:19:30',0),
	(345,'333333333',3,266,2,3101309,NULL,'2018-12-18 21:38:23','2018-12-19 11:38:23',0),
	(346,NULL,95195,0,1,3113481,NULL,'2019-01-03 20:36:29','2019-01-04 10:36:29',0),
	(347,'dep1',94937,100,2,3113481,3113481,'2019-01-04 20:09:08','2019-01-04 20:09:08',0),
	(348,'dep2',94937,100,2,3113481,3113481,'2019-01-04 20:21:21','2019-01-04 20:21:21',0),
	(349,'dep1-01',94937,347,3,3113481,3113481,'2019-01-11 17:41:16','2019-01-11 17:41:16',1),
	(350,'dep1-02',94937,347,3,3113481,3113481,'2019-01-11 17:41:24','2019-01-11 17:41:24',1),
	(351,'测试部门名称太长的问',94937,100,2,3113481,NULL,'2019-01-10 20:51:53','2019-01-11 10:51:53',0),
	(352,'c',109,69,2,3014102,3014102,'2019-03-20 18:09:54','2019-03-20 18:09:54',0),
	(353,'cc',109,352,3,3014102,NULL,'2019-02-26 21:25:07','2019-02-27 11:25:06',0),
	(354,'d',109,69,2,3014102,3014102,'2019-03-20 18:10:07','2019-03-20 18:10:07',0),
	(355,'ssss',109,352,3,3014102,NULL,'2019-03-20 05:09:20','2019-03-20 18:09:19',0),
	(356,'a_1',109,304,3,3014102,NULL,'2019-03-20 05:15:13','2019-03-20 18:15:12',0),
	(357,'a_2',109,304,3,3014102,NULL,'2019-03-20 05:15:20','2019-03-20 18:15:20',0),
	(358,'1',78,301,3,3114911,NULL,'2019-03-27 04:58:51','2019-03-27 17:58:51',0),
	(359,'5678909876',4,318,3,3101309,NULL,'2019-04-01 04:00:53','2019-04-01 17:00:53',0),
	(360,'111',NULL,0,2,3114911,NULL,'2019-04-23 04:42:20','2019-04-23 17:42:20',0),
	(361,'121',NULL,0,2,3114911,NULL,'2019-04-23 04:42:40','2019-04-23 17:42:39',0),
	(362,'测试子部门',NULL,0,2,3114911,NULL,'2019-04-28 23:19:24','2019-04-29 12:19:23',0),
	(363,'测试子部门',NULL,0,2,3114911,NULL,'2019-04-28 23:19:43','2019-04-29 12:19:42',0),
	(364,'11',NULL,0,2,3114911,NULL,'2019-04-28 23:20:59','2019-04-29 12:20:59',0),
	(365,'4444444444',3,345,3,3101309,NULL,'2019-04-29 03:20:49','2019-04-29 16:20:49',0),
	(366,NULL,17,0,1,3014096,NULL,'2019-05-07 02:23:54','2019-05-07 15:23:53',0),
	(367,'一战区',4,59,2,3108996,3114911,'2019-05-16 16:28:11','2019-05-16 16:28:11',1),
	(368,NULL,95135,0,1,3108996,NULL,'2019-05-13 03:02:49','2019-05-13 16:02:48',0),
	(369,NULL,95136,0,1,3108996,NULL,'2019-05-13 03:02:49','2019-05-13 16:02:48',0),
	(370,NULL,95212,0,1,3108996,NULL,'2019-05-13 03:02:49','2019-05-13 16:02:48',0),
	(371,NULL,95240,0,1,3108996,NULL,'2019-05-13 03:02:49','2019-05-13 16:02:48',0),
	(372,NULL,95245,0,1,3108996,NULL,'2019-05-13 03:02:49','2019-05-13 16:02:48',0),
	(373,NULL,95283,0,1,3108996,NULL,'2019-05-13 03:02:49','2019-05-13 16:02:48',0),
	(374,NULL,95284,0,1,3108996,NULL,'2019-05-13 03:02:49','2019-05-13 16:02:48',0),
	(375,NULL,95288,0,1,3108996,NULL,'2019-05-13 03:02:49','2019-05-13 16:02:48',0),
	(376,NULL,95289,0,1,3108996,NULL,'2019-05-13 03:02:49','2019-05-13 16:02:48',0),
	(377,NULL,1000010,0,1,3108996,NULL,'2019-05-13 03:02:49','2019-05-13 16:02:48',0),
	(378,NULL,95066,0,1,3108996,NULL,'2019-05-13 03:02:49','2019-05-13 16:02:48',0),
	(379,NULL,95170,0,1,3108996,NULL,'2019-05-13 03:02:49','2019-05-13 16:02:48',0),
	(380,NULL,95202,0,1,3108996,NULL,'2019-05-13 03:02:49','2019-05-13 16:02:48',0),
	(381,NULL,95259,0,1,3108996,NULL,'2019-05-13 03:02:49','2019-05-13 16:02:48',0),
	(382,NULL,95243,0,1,3108996,NULL,'2019-05-13 03:02:49','2019-05-13 16:02:48',0),
	(383,NULL,95285,0,1,3108996,NULL,'2019-05-13 03:02:49','2019-05-13 16:02:49',0),
	(384,'南京一层',7,92,2,3114911,NULL,'2019-05-16 03:24:17','2019-05-16 16:24:16',0),
	(385,'南京二层',7,92,2,3114911,3114911,'2019-05-16 16:24:35','2019-05-16 16:24:35',1),
	(386,'南京二层',7,384,3,3114911,NULL,'2019-05-16 03:24:45','2019-05-16 16:24:44',0),
	(387,'yyyy',4,318,3,3114911,NULL,'2019-05-17 03:47:42','2019-05-17 16:47:41',0),
	(388,'yty',4,59,2,3114911,NULL,'2019-05-17 03:50:17','2019-05-17 16:50:17',0),
	(389,'yty1',4,388,3,3114911,NULL,'2019-05-17 03:50:30','2019-05-17 16:50:29',0),
	(390,'D1',95136,369,2,3014102,NULL,'2019-05-19 22:50:01','2019-05-20 11:50:01',0),
	(391,'A1',95136,369,2,3014102,NULL,'2019-05-19 22:50:12','2019-05-20 11:50:12',0),
	(392,'B1',95136,369,2,3014102,NULL,'2019-05-19 22:50:20','2019-05-20 11:50:19',0),
	(393,'C1',95136,369,2,3014102,NULL,'2019-05-19 22:50:28','2019-05-20 11:50:27',0),
	(394,NULL,95235,0,1,3101309,NULL,'2019-05-20 04:41:45','2019-05-20 17:41:44',0);

/*!40000 ALTER TABLE `t_dep` ENABLE KEYS */;
UNLOCK TABLES;



/*!40111 SET SQL_NOTES=@OLD_SQL_NOTES */;
/*!40101 SET SQL_MODE=@OLD_SQL_MODE */;
/*!40014 SET FOREIGN_KEY_CHECKS=@OLD_FOREIGN_KEY_CHECKS */;
/*!40101 SET CHARACTER_SET_CLIENT=@OLD_CHARACTER_SET_CLIENT */;
/*!40101 SET CHARACTER_SET_RESULTS=@OLD_CHARACTER_SET_RESULTS */;
/*!40101 SET COLLATION_CONNECTION=@OLD_COLLATION_CONNECTION */;
